n,p,k,temperature,humidity,ph,rainfall,label
74.9816047538945,58.52142919229749,69.2797576724562,27.18390181036444,73.90046601106091,5.733991780504304,117.42508365045984,Rice
94.6470458309974,48.03345035229626,68.32290311184181,20.24701393154963,94.24774630404985,6.7486639612006325,163.70173320348283,Rice
67.27299868828402,35.50213529560301,52.169689718381505,26.297077179586854,80.7986254660529,5.936843710297063,283.55586841671385,Rice
65.57975442608168,38.76433945605655,54.65447373174767,25.47283981060443,89.62939903482534,5.799510673237539,254.27033152408347,Rice
83.6965827544817,31.393512381599933,64.30179407605753,22.0462894842475,71.62628982463198,6.92332830588,389.6896099223678,Rice
92.33589392465845,39.13841307520112,43.90688456025536,28.21079631814588,81.00381234349004,5.683057352267168,248.55307303338105,Rice
61.375540844608736,57.27961206236346,50.35119926400068,27.950267412247783,77.79277690223527,6.280102031766717,264.0130838029839,Rice
67.39417822102108,59.08753883293676,71.00531293444459,31.27398729877027,92.37068376069122,6.396849968216628,376.562270506935,Rice
63.53970008207678,35.87948587257436,41.80909155642152,23.90396396915917,79.71693224223705,5.9070235476608435,348.6212527455788,Rice
74.27013306774357,38.42803529062142,61.707843326329936,21.691090699697153,90.054924518851,5.611825965519656,396.06608098015516,Rice
90.8897907718663,35.961470446025174,40.220884684944096,29.785537141458008,87.67143359619043,6.593510752061481,331.38110400578375,Rice
62.96178606936361,40.75397185632818,44.63476238100519,30.357241110507122,85.58245317068895,5.996347037278974,119.06750508580708,Rice
72.4392928686265,39.755499660802414,69.18424713352256,27.650689656262557,92.18031856440817,6.208322387742924,135.87827378149052,Rice
88.5297914889198,52.82355145850693,62.45108790277985,29.25160615945473,82.34488990910977,6.284099244072991,228.2623055075649,Rice
61.01676506976381,33.23674280979913,41.25716742746937,27.636924935165364,77.85889952690816,6.2628560367470545,372.2699421778279,Rice
69.971689165955,42.31148769106889,70.22204554172194,22.74557798589947,71.92449774571982,5.934627179370652,148.36638617620133,Rice
97.18790609370292,54.24361138693251,65.33615026041694,30.45752708225261,90.09180192247786,5.779855088329054,367.76769954699336,Rice
81.57368967662603,54.22320465492187,75.84365199693973,23.816041699662367,72.75129811319192,5.841902743812913,228.1323365878769,Rice
92.72059063689971,55.82191749769031,40.27808522124763,26.128967630930788,80.43527507871947,5.833161715706096,135.95961020010483,Rice
73.50460685614512,58.287291117375574,52.92811728083021,26.22548746092039,87.57547397237944,6.045444403568941,391.5346248162882,Rice
98.49789179768445,37.553468874760924,59.88994023569542,23.610539717801235,77.12101235943669,5.555330421031799,282.869300193969,Rice
80.10716092915446,31.54436253749968,51.14585856946446,30.899190631599843,75.9890472666743,5.717342308136835,246.8358280832689,Rice
99.42601816442402,37.26165814534501,66.88542189623514,29.139435383944612,75.94093859981,6.59232452291779,210.33493981577595,Rice
85.29223322374318,49.00589132282684,61.43098736299034,21.0834772406529,90.88256238973095,5.981170097457603,155.95555311995628,Rice
61.63100566219056,47.72678829564725,67.1025744736913,20.199053947134274,82.80232645748202,5.839743662796907,293.55183712283497,Rice
66.97465716019965,50.72813214307398,55.469413852021496,31.240759864840815,73.43802360364982,6.011599526575388,134.04205637217672,Rice
96.98774473114251,56.32018060142943,50.31766510860622,27.91980855241015,90.4305550050304,6.332801217399194,258.89517350680194,Rice
69.67409163601806,32.79308303417697,75.88863031813307,30.805016685959966,85.8275364318317,6.008544686573051,204.76287238379825,Rice
89.03822715480958,56.913307798577314,75.48345697060469,29.358506550291487,86.05079115385719,5.6262099474925735,148.48861422838414,Rice
95.94216754108317,48.1928717897877,40.36788206466519,21.217658514392387,86.5875442277014,5.507592375769328,148.2424154252496,Rice
81.94935157466344,50.7568559307808,66.07845038010402,22.69123171352672,87.8044805336884,5.8558736312452,197.61990944778032,Rice
89.85965620472096,49.48898697141644,73.96893641976712,27.891354707604123,84.20771508338679,5.640512151742139,210.31474091783005,Rice
70.60809470726902,37.319689301372506,78.92042219009782,24.717172696001125,92.30116387942783,6.446707938995894,338.4433910624945,Rice
80.10548372420769,47.30711653879077,59.70070775275455,22.342915853576535,88.06130288153763,5.921158543661283,107.29478992943615,Rice
85.81889183628671,35.31332038221147,77.61834337411656,31.44714292403105,92.87160975551122,6.055238050383167,104.63698495866024,Rice
97.13274250350901,42.84552444951943,78.66619276174679,31.563439725071035,91.325236386684,5.941673338104379,215.52931858057758,Rice
94.04546686067428,39.50766015468833,46.7797098674437,26.681615149500203,93.40386935401952,6.54404469501246,271.01835102680946,Rice
63.887059750830744,48.45021680097509,79.60215400417053,21.681008182838287,82.95824130909342,6.816059607891933,322.23058532626135,Rice
87.88062963981072,51.07452251961328,54.37964604879021,23.52310213117392,90.23402888696285,6.715170092018771,360.1216955740311,Rice
96.52962210225886,45.34027196582814,60.060651787487984,29.579542147601302,86.24909826944413,6.552950315886555,338.73780083083034,Rice
95.60021367270265,40.13985470554607,55.02331810559776,21.127783278090426,84.45700352490435,5.553913410695113,239.67940543973805,Rice
81.70578538830307,38.59623756384853,63.63333042276043,20.366002999268595,70.93370471873035,6.733900840989487,208.05719242337886,Rice
65.0824205060754,45.66729780164413,70.79974212394444,22.589852329962117,85.57226189547501,5.628021197490652,115.5045163505823,Rice
81.25418526272591,46.219053648303195,65.49719605992826,28.71309600467194,94.39630198656337,6.274450522451793,196.88694188237378,Rice
91.80744779074814,38.124967537862226,57.558856828225444,20.941476576107192,70.63376858538643,6.943972622016887,350.79403615366175,Rice
87.83896824374793,42.268588332428095,46.931772802833834,21.877244512053032,76.25607245411489,6.3238399970591805,314.37877681001873,Rice
86.40789506870925,38.39801690837828,78.19461122652777,28.854763000349223,83.85885131278502,6.417581119351528,225.88001872833698,Rice
69.9092395800463,40.679180359537845,70.31384441857476,20.172721863557072,72.90181601267291,5.569003963032629,112.21864069569104,Rice
94.21842336044028,51.109735781400715,58.96695316349301,21.17400992781202,82.29039687792081,6.210207656170849,151.96056097300456,Rice
77.35406596951893,41.955142031921206,64.63400392208865,27.621123810411724,71.13260024430112,6.061918921939707,287.7579747142709,Rice
80.12545034320351,55.69469523564967,66.3477452647578,21.955213124977156,71.76421868501075,6.463628917309474,107.95339316248655,Rice
83.43102325093852,58.20690724274873,63.01896711503516,24.658039114478264,86.08220546105883,6.187379335737275,263.68503679478044,Rice
97.658592351061,41.58307913402323,78.44762255295657,30.864207703472765,74.8947783697324,5.604041951312748,130.233400413228,Rice
60.72887302606199,32.83328882267785,67.32027093665428,20.854263781522747,77.97439075734403,6.767312966454182,106.98158072074776,Rice
92.57873930355743,38.455643243202,44.726593104866254,28.36084598436981,85.7235711694971,6.8162080202905795,320.5213131411657,Rice
92.13923721539393,38.4610371771392,47.09758175118891,29.0073770196903,90.1708684816816,6.98575771300101,223.78530307342794,Rice
74.88072343171133,53.29238882225991,53.63214161012071,31.169087907242776,91.4603187960753,6.143491041062528,325.2613203374492,Rice
90.1817149633873,33.09371606507798,76.10211626718267,26.063028469374288,90.66143665269354,5.9800744015459175,368.65696854886016,Rice
75.56806714936653,30.325129544408952,76.21527905677056,21.095440121433604,77.98284093976037,6.925092950576207,385.1821440812668,Rice
82.93751552493144,48.95511636509398,57.937820879132786,23.518529260376773,78.21661363424789,6.508777684115557,325.712358831304,Rice
91.66316174903395,53.68854428383662,43.64824412194761,25.93304365643098,71.43896900041611,6.324293323485604,232.45915041201312,Rice
95.508167310332,40.527450376562356,44.682680657104235,21.71590018463403,89.03776579293681,6.427327094974392,130.33680283683708,Rice
63.364272244599896,51.0290739437736,42.91052025456774,29.862320711484273,87.65605567891241,5.62202317096285,125.45131422555758,Rice
99.46558314004702,41.22812387268361,54.825685882675636,29.753594807090032,93.68121443459647,6.979001595734307,326.0134555776825,Rice
75.05038342123663,32.50502150096006,71.08587663709747,26.70085099682966,80.6055502311744,6.8595315776421035,133.3592446918454,Rice
79.70500417163436,30.34060934302257,58.74642567976505,20.67563930818205,72.97044790670179,5.676289370165657,294.76309063481904,Rice
89.84179517061693,47.50106295291479,78.48690193898167,24.498446954284447,77.14280215704652,6.80289869228419,167.0787515558358,Rice
98.52890157762445,30.36463424069449,78.79515306830555,20.51791894340691,92.27857784245178,6.29155166362945,397.8894388357901,Rice
62.95186258941595,46.61562853203962,78.77210142476396,26.277174130041786,85.73496595338156,6.543623033476926,236.36231943033198,Rice
85.10232320336254,47.529429357693004,76.04632041963956,20.545356564097496,77.02407973980576,6.925617226114838,367.0791351672749,Rice
78.22627011142852,48.6039779340461,51.0952473192453,22.257453916685137,81.59246012349955,6.0300283420390794,275.0968335552616,Rice
63.10938547859939,59.23184422998499,79.44842977918412,28.37794056823694,83.402409158603,5.964291424429492,344.1385059120846,Rice
87.38924690215518,34.87850818034674,76.4370873797537,29.870446915078027,93.7449978322981,6.58857926258254,284.0245587807369,Rice
76.72972145162475,57.9818545006204,74.64255558001634,20.542624041274273,70.6591743624313,6.0646950503170745,343.1659992345499,Rice
99.49104517259778,34.512506733105845,63.7652286140854,24.570690279572258,94.24785994536508,6.763178384703563,351.49861141334134,Rice
78.7477263917988,42.44458507012995,50.93628287722825,20.676505959811124,91.61805940637633,6.719351513695116,399.91530198583916,Rice
99.86547348295622,46.66295116807882,70.75949660722043,31.337188758589136,91.24118476693529,5.871022152614796,235.16324059302806,Rice
65.1663766060598,58.621530817761666,64.2469853780352,22.743713666041554,86.79251711014642,6.427192360686844,207.44881540985216,Rice
64.54230368798517,50.14719586778399,60.812308036151734,29.26782070082767,83.00408752779984,6.77827225047781,265.5720516323457,Rice
82.43751886141546,56.29960807975035,56.13931464849588,21.60818274140769,70.71956690783347,6.632705883510429,286.09286540603944,Rice
88.16319072396894,36.388924845267326,45.45485902347079,20.174535988014583,78.76468897016493,6.38487653028195,217.67321352991968,Rice
77.49899688094916,57.12476083481245,53.930218680932015,26.167873869917727,89.59132531852858,6.094814173481906,286.626010068362,Rice
94.4945483498698,58.485618709729266,45.882939237161516,31.119051501937932,82.30290732698846,5.887366582448437,237.7407268714784,Rice
99.20130301141909,44.77854281978609,53.150064411500324,27.60081025180071,76.00364046945482,5.613794992162996,138.66391657319477,Rice
65.1218335583109,34.55708080536883,45.55308690597641,27.690496937638574,74.54700210997862,6.018500924985795,369.03652297180355,Rice
78.95846561051489,50.02673215563081,46.89279484806519,22.30746822570405,71.02171540666197,5.7534025946082465,183.57710170958757,Rice
67.08041937106987,32.66107601271167,44.82543484402403,25.52934521639271,75.15834296014481,6.0464047915721135,251.02518125645707,Rice
87.61579314517462,31.179364195232967,71.9764159563617,27.534804673890893,72.0439757987218,6.810367936160166,376.261720159544,Rice
62.44311839419455,38.30632944441611,72.24805119172245,28.9791162846039,74.61302548390944,5.814023985005066,211.1416308374146,Rice
79.38091940764085,48.54764314590888,54.75654558279089,25.550416593597774,88.68677345334392,5.555024804335897,175.73108330320622,Rice
88.5339834353821,56.856205130615976,60.467097684626644,26.385361823183786,72.6793002834944,6.171118550235182,259.78517993650695,Rice
69.69882014538919,38.07729692848143,55.091366524184906,20.240854373332716,78.05197913957946,5.817172010494817,198.2492056533744,Rice
64.79048527277004,56.71581842219685,63.743698142161946,28.149227829733874,89.72928096518345,6.247663298393586,126.0760864262271,Rice
81.48426167274191,47.60523354062637,69.81757896737321,25.179914554756152,73.18950756988909,5.925663858698087,208.92468891959052,Rice
85.83668965326405,47.12334914006736,54.243869035913846,31.838182985515758,85.14437048392217,5.855840187603992,130.53474178612112,Rice
66.11436556737328,37.37873185153524,46.427254930382226,22.23880428861567,77.12737921734617,5.760060392942132,369.0296273879276,Rice
63.20934982646569,45.73534168710764,56.41587307958646,31.788543402903276,72.80097255420131,6.096783398568612,390.84112998261065,Rice
94.62028503575921,54.512162128478394,50.316113081797596,22.05065104868079,86.71608049811077,6.894063983691378,267.0288679041789,Rice
82.864507578796,38.399372809808526,70.77971732767747,22.24452498269028,78.09198091010609,6.138154657924625,252.2831136053365,Rice
69.69638929660321,33.445104742176106,64.4248016976653,23.46356663888307,84.53095553556531,5.731544072911303,244.34203055644525,Rice
81.30357730206343,31.554706104672807,53.46417112775683,21.612976123267693,71.58437426181919,6.984940348584917,196.7061534924169,Rice
92.3949778341854,37.63921964291291,67.26010888895718,29.122734318676237,84.8909685151961,6.207364282825237,223.55227424418058,Rice
73.95473066171981,57.88587432743478,73.22477631150917,31.58032292799815,73.10743058713862,6.596301212805466,381.50213704631136,Rice
67.24932264662641,31.994888021003327,69.64482597160236,26.893677358158943,91.04571941895679,5.709658564939434,338.58019355796705,Rice
68.06509280190978,34.90967828597113,46.570631917239716,29.774896642776586,86.629930517405,6.284598137153679,207.64914523705073,Rice
95.08802163252433,41.77335322267906,72.66397757886308,25.269618902842623,79.42361073562269,6.19401967850441,190.41336224924262,Rice
89.90437520705004,45.081611702774374,49.28850780587269,30.794894879294823,79.59728053433028,6.315329291670983,371.94163328936406,Rice
84.96951983655968,33.50694122125092,77.59328494453901,27.532496636857015,78.37264036642715,5.708908108995081,338.2075567810888,Rice
84.80291023714054,46.00383275928965,75.7557033220383,29.46316653469437,73.79187199331878,5.9675831016933225,174.54674194433971,Rice
89.75785170290708,31.005973042073382,62.79558739485266,29.149504228888286,91.91914091904374,6.013122623073861,346.37719140160385,Rice
64.42526947820829,55.39356875203555,45.0995464932793,24.767447486724407,89.93238414448884,5.72487614102316,168.77541856979246,Rice
88.89010273572265,51.601096096382236,65.6459053154119,28.3273813336052,83.5681110836899,5.877698588360429,203.70879805117585,Rice
67.26390867205703,57.25351684000885,63.33567179064482,24.81021700116368,81.55014509110332,6.920925009417723,146.00542093482406,Rice
83.44919328067189,45.17666036653398,64.45816941738592,20.217322205850085,91.80309772360378,6.898177423725419,269.5399550767627,Rice
87.8660329550757,57.67498143531887,68.28954537253594,21.830468514971137,84.40720900417033,6.410072569574284,227.2392013907158,Rice
89.45776942498891,58.03101044307044,77.02274051627106,25.410072456849583,72.83095114601888,6.977261798443502,351.66942593378025,Rice
64.98650724813068,57.625256478521166,74.79585448248514,26.226056685512866,84.78188589362323,6.098504055805195,116.4284916466094,Rice
73.40788966583604,54.085603457940344,40.18528092018411,24.00199006029373,79.95421733977358,6.306093404406885,375.95668492382816,Rice
73.85383977463844,40.40859605688683,69.50004992438994,25.426615290677688,75.61512057349955,6.17865927419904,142.25710611393995,Rice
67.05547946024893,44.95103318218439,56.757017980181914,30.9781508128172,79.05984747791582,6.370882525417065,289.6792863758591,Rice
60.523778263533345,49.906121160501314,47.121438674790056,31.532843809633462,73.71656819382783,6.121936185590536,125.60490042359316,Rice
99.87497007383789,45.065850309937275,63.81540069280175,20.80491772866113,88.74901175997945,5.814858389643379,369.4162868322141,Rice
68.20558561928028,35.720631619909994,41.46198671392379,25.664803341319992,84.12102833156541,5.598562959142528,332.6582850085032,Rice
78.13155338992111,45.7317080798274,57.63050987752912,24.80915673050391,83.99100828270545,5.732860368896069,154.57843914858134,Rice
94.47142484054069,58.38346386400898,54.93237265119012,23.248936077722647,86.09998858097539,6.113101256647145,107.61590669810346,Rice
66.24610389464762,51.47916686542193,66.35695767640605,20.325151910041804,75.54930404832373,5.846612194882107,301.5678230796185,Rice
60.788421510174565,33.123257459537214,71.99664341492758,22.142535944652003,86.31865269629687,5.85727417157009,129.83241782780354,Rice
69.72688763997816,51.66800795566978,74.22785872425143,29.9626383748039,79.92958824046137,6.502127704855969,161.4952886247463,Rice
71.72590921044053,56.89007455563359,40.52007694042944,21.026102370253618,75.19715637865069,5.53979830581073,154.43063052693918,Rice
83.32166243878768,42.642736517774935,75.706868443079,29.80932274086129,78.5454337924469,5.889135150146939,213.90772245018007,Rice
83.6117977005923,38.041909224686286,64.96595631396536,24.912939826294885,83.8011795212995,6.154189793702975,188.3397278625753,Rice
97.93813227848626,52.908173824792826,45.604527030658105,30.421615710774955,82.18577995623784,6.841828340341137,339.95657678419457,Rice
77.00854017876934,30.674079249603523,50.74709437539784,26.499610575930404,85.83695549565368,5.886831528149804,141.80682222184726,Rice
93.39720947197196,59.532065421106566,61.02760729210743,22.06015143017964,76.80768316298422,5.5275860148212,374.2896419681497,Rice
64.71004331560565,47.29549426542761,50.96220882748824,26.650136030189522,86.28550970879661,6.744612705560803,161.92638152818097,Rice
60.43983314633922,34.10656890206422,76.0007456739242,30.486680930750182,84.93532755425771,6.40077529065048,299.5110023638766,Rice
67.01485114493798,57.4323583777488,56.75082099568293,24.59766233899397,82.97294263207094,5.570448950162582,149.88501062682383,Rice
89.52134465705481,32.483960037753796,64.12608437865552,22.94418931617585,79.73239035104942,5.93304060515605,206.70181493948473,Rice
88.76183620736981,38.91365146869525,62.656185611875884,25.712604826389196,86.5917791340662,6.905244608987137,319.7716291630751,Rice
68.59761514363026,30.93549405183854,50.490561771993,27.140935168403058,71.28564533710626,6.244549370801854,279.0528546750668,Rice
73.36975563267843,53.12736611237466,44.263930125350875,20.901653380829707,88.20471890509009,6.243236974309298,306.5207189283208,Rice
77.39309354414985,37.3920609971732,72.76409270696799,29.59299054762775,87.36741177136066,5.908217705844944,277.06920006072613,Rice
74.43895587760107,32.747462199799024,76.69254301848972,21.641823571027537,93.75593384552006,6.169008659436933,155.5398786515859,Rice
81.67603789513433,56.188375076292246,69.28899545638245,29.678733774337395,86.46958416776793,6.538414846776779,354.75869546959575,Rice
69.98672035436743,44.68274890929422,48.84837767278409,31.852016095959762,93.60148349216533,5.559140217052759,311.67255175470655,Rice
97.00993269662663,35.417260353820005,62.717809222105174,30.9858595710565,70.84864946464496,6.546130400870259,189.2047022117652,Rice
96.97584781506121,59.131747354961036,77.77065956453735,25.690570599889565,91.55106627473283,6.766824097802606,195.7301419729767,Rice
93.1566189660271,31.110229041464777,63.85079513928212,22.760106047452435,73.01417214443197,5.615429802443813,308.8866327634419,Rice
73.59499855072265,51.74300314586284,42.614253631957695,23.783484053967324,83.48728230938343,6.6860847472584455,195.62575087962097,Rice
85.03565505748037,56.57933244708562,64.63452752729218,22.795513697043607,70.61001953891345,6.805148310851395,106.38082325511614,Rice
141.22911708789397,61.157485361088476,68.17203095538689,27.987832357736654,79.93802331600013,6.220854178542052,165.07824333966903,Corn
108.13516395264695,59.195024812156355,58.8251638965511,28.736771141863386,79.52250407597886,6.721928096637422,112.66501732510007,Corn
109.49499015939492,69.50329206355566,47.16331437304907,21.104741131313947,60.638664729223294,6.144686789984898,94.44621806839851,Corn
96.3525425734937,41.68372758545448,40.53621804200242,29.877223897360317,62.83319401207587,6.2611919765916175,151.94709240396048,Corn
95.2777721505545,77.99844735800902,63.590350432466565,20.894110023122597,62.52742327354785,6.854941969074598,191.70980334371154,Corn
112.71810578749088,64.53645556842831,45.01101838276226,29.911686261369766,56.950151041503304,6.931278128962151,147.44699734885526,Corn
122.54157564152014,60.50754044066034,46.92009435153276,21.765280320055084,56.61458627210526,6.023725914573105,166.937671035013,Corn
104.50876814167111,42.313707062535855,69.07307890422433,28.83785884963426,77.83256849585639,6.993889387175722,76.0842873829231,Corn
107.73694132318612,70.32953902816365,60.88061854161377,21.53895906339855,74.47499374971854,6.069328686203993,83.57264222339346,Corn
117.58820960253895,63.71759739366813,57.402586235134336,20.914868373977548,76.3238258789114,6.118720051106447,69.42723819242062,Corn
142.2123655908284,78.22605992919014,65.86382851796353,28.09516074724878,69.65725941917066,6.461028844730967,63.048013986711524,Corn
108.59172491494891,54.90754068049256,47.79261351280979,27.23420113688585,64.87627205236312,5.897255459089178,83.0274802924717,Corn
127.8281134561717,43.045234379612005,65.53620742146306,24.951465270139742,64.41759731979944,6.510889341591421,173.70214488877238,Corn
104.34664455315351,67.12064610236254,56.97195891987373,22.670282701694212,76.35889959065474,6.756911225928314,148.76777519876384,Corn
139.54072103659695,74.6917680383921,61.25088930145104,28.37013328363672,70.92414385007851,6.61616892611236,142.79170673227765,Corn
132.69016476903488,46.344204211722946,66.42612277596785,28.718435277452322,50.87741849103678,6.790980100677715,69.33048012101678,Corn
103.45831979813994,69.74033025166432,44.82279688144925,28.17967024119062,74.96402533873226,6.408961280513004,50.95788075752504,Corn
100.09266932224389,64.67707673502969,69.43558534082271,26.318135270166685,57.79410743192479,6.560806843719534,130.99780695737832,Corn
134.58917766058005,44.279225553078334,62.83083707506084,25.412665786761103,78.88976011576983,6.210246599246423,144.89328397009223,Corn
145.24196738570123,44.10038911962717,68.11685461709354,26.878857223008133,52.03511177315516,6.161156280336179,156.22581329679224,Corn
84.71454210281402,63.28681840705093,50.3764917085887,26.20915517767477,51.37226101437538,6.845844167382851,196.02334537660954,Corn
147.8214498699984,69.986073269717,43.90258720391896,27.582631959290225,50.737607493764045,5.826548261834796,98.54153287243119,Corn
114.2050233283266,70.81629671231173,60.49886129819515,24.459027063767483,58.208799988449975,6.996549400189253,113.92719533539594,Corn
111.59709170307728,46.544952847666764,63.84428646249788,26.936822257814885,56.62308838366281,5.898857254739011,152.07489531120694,Corn
125.81578499967947,50.930381079928374,68.5259068675123,21.510578917809003,62.97004403127806,6.932339104201119,112.95909753891834,Corn
124.696816336486,55.90377591851177,48.2264560704601,29.83977647959828,62.28002018945129,6.872919044414961,84.49319088366292,Corn
94.91732928175583,41.24536331538045,59.550004761276554,23.685263437237612,75.93074749518911,6.367851888029868,195.22901418720826,Corn
92.98678609921848,74.74492671822443,63.297905583752254,27.70921844644052,75.34349684350663,6.713228789131598,143.93304824471232,Corn
89.18714143776712,41.30104717965008,67.6254354344706,26.16650314520738,73.89611872928529,6.37782682181506,67.59622834435918,Corn
88.76300545417853,67.42261148915885,52.90917684698388,22.005247267003366,64.74783640224311,5.877050724490161,137.2957102871598,Corn
98.82953831045684,71.90236402548753,49.31085876770722,24.552201490818014,50.34861619724302,5.88693626535347,108.87403346100272,Corn
113.59571843019864,64.00082192477214,48.7498773612791,26.949818861265427,75.80367191567613,6.73582118667202,55.94282380225357,Corn
113.63548630804803,44.197207136726995,47.26135047587582,29.866625932671464,54.2748662870454,6.3986657841416275,142.72336014771787,Corn
129.1725479380873,62.385947339476566,40.29312542257551,23.26461308243992,65.53134930154134,5.9054397989737994,102.59403968137711,Corn
82.32421761539565,43.14313988620083,51.90769828604788,21.327157540430605,67.02622544784674,6.627357962964719,170.08800486636244,Corn
94.0105170971367,46.69930329036279,43.13703521003201,26.364302495436366,71.19427179460703,5.837903373790771,190.43183693655348,Corn
83.63798985560307,61.65185341204282,61.27181558352749,28.709691237460856,71.42260796397284,6.76207369968375,100.9175288814209,Corn
137.03775796225585,43.204593855387,66.84449968181583,25.475923761537363,74.51893309887481,6.34278194142196,146.53665427947874,Corn
116.84818626552791,69.26358087021327,42.44889946091769,20.603520839905638,57.41309702030439,5.991453616135826,180.76753498883025,Corn
95.3449791150631,79.03461023276526,50.10687375313321,21.82117915688699,73.69095521427437,6.590449330601051,124.72935746797084,Corn
118.87544856563419,68.76807113089055,46.853642239938964,29.96333916056742,79.2437948644035,6.580390823616324,79.93136763937177,Corn
127.61597697019039,42.887936359167036,40.91957506617418,22.576828885112135,63.87868870217949,6.841927006490057,159.0753604649462,Corn
131.98945648399868,57.01973337792302,50.378049776408886,23.710387629846025,79.62948691208173,5.8481310296949784,180.05472441836727,Corn
120.50727860006754,57.54461676758362,61.757729812454095,24.866689414247027,76.20269714244982,6.8808422368135105,113.25813903101832,Corn
99.37794580645361,63.69401314373449,67.37090036850073,22.106621890056665,68.68899750690449,6.557872264111024,159.96695336229214,Corn
89.20973795890819,68.63299858728354,67.27097561996924,21.79683108870242,57.12629974771633,6.9656741128499675,77.14654290642346,Corn
139.80695653587054,59.69111425792139,47.41693223209531,28.707499012725116,63.359157650079965,6.417780824715628,103.88500540996486,Corn
121.50655960044492,46.54095490340091,51.73244609955282,29.694123223352875,57.74400298103383,6.588083997449551,98.77850963370423,Corn
134.14311879806206,45.23494642873399,69.09463135235634,24.53789541383639,57.081513900393915,5.888196096796015,75.46368576313111,Corn
116.38417639892123,53.48012705725145,64.86650097647828,24.308875236618057,57.461428177628896,6.540573983924836,156.01658253281687,Corn
91.6929335530665,46.7047686515327,41.10014280800629,27.364020150656405,69.91413582865415,6.369557050899776,176.62556734537958,Corn
136.39691070650372,63.414174575870085,66.04813841539776,22.058412100367683,53.357588581931836,6.123699533820387,58.56302841339723,Corn
117.18186696007224,77.46422769179846,41.180306220055286,21.221099140100268,63.565970848503056,6.920650021033486,97.42341574651257,Corn
115.50643660818747,41.662914362015684,44.45029602886267,29.86630122958847,78.95356089308137,5.805927977121291,192.77176781348584,Corn
124.73839564708503,74.71673178080088,53.64219566901578,25.155960285792503,64.6653974077076,6.600237109055325,70.94768821344694,Corn
82.09815129108746,52.31719766364763,61.1404228820994,22.018534521229483,70.20297299974752,6.963894455328725,64.08510736841276,Corn
127.08214827575884,57.750008772182845,66.04426763132517,21.77149789447386,70.77877856678494,6.805738347577732,191.69213292110348,Corn
127.82736198027521,59.8869905603371,58.53541720603641,28.68904984478718,67.11829239916489,5.836464471636204,189.64230432604666,Corn
128.26687257220928,67.06053543108986,46.47025457193151,26.58885470232657,61.81593216962476,6.5814795724497905,65.98895454619861,Corn
126.04917132221252,79.97654903082666,41.44636116581668,29.771741842213174,62.20723882168612,6.844904140404711,167.357822608741,Corn
119.69113826906676,69.53796837005306,66.35546683904043,24.04140321651033,59.81099484689716,6.601112062676302,171.17689129118878,Corn
133.3599594343631,71.91254595434538,53.06749944438799,28.178342161750216,53.60627166111826,6.453386917553019,50.86379907471824,Corn
102.72100809301892,54.65846139485592,51.88518074827766,26.954672066898624,61.65674303811037,6.3384323471470365,85.63161963114912,Corn
106.12762541405381,49.090785090526055,42.19587771305331,26.03448593381378,70.04638395665049,6.543388415211537,119.52410657008585,Corn
106.58500461254609,74.53334598287302,55.57245355408654,24.791818776297312,50.76926197419307,6.209497393151388,107.02934281787856,Corn
107.91759466278303,63.206894769093296,56.00807640180635,26.079050927934446,72.94649784626385,6.775582886459312,157.71846143397414,Corn
146.88665871684543,40.729303307054465,45.87333957050638,20.075628749781423,69.4242414246381,6.877636658739984,86.5223444864449,Corn
144.89241813574148,42.41069561158243,68.03308080416542,23.516226872396345,53.0426248534765,6.3830461110235905,88.5164851580762,Corn
99.9411031373346,52.29159859705146,64.0907769349799,25.391612766752544,59.339230974680106,6.532400539973102,157.42260113347902,Corn
99.08368005134736,56.541964061014056,43.656582800108424,21.811493495346802,70.43353561894949,6.017726017234752,128.774507550059,Corn
129.63323832057029,44.275076923789754,57.01936658886711,22.565627837013636,78.8878062571274,6.38025477606391,170.89888246627373,Corn
118.51585795093833,41.736501314192765,58.99454126782067,29.514033422066568,68.04835460438994,6.783026631312148,182.63096950226117,Corn
95.96558403642527,48.48179359632907,58.32942966552975,24.110284698067048,75.19583908600161,6.880027748077613,103.01320689540772,Corn
96.58093912821374,71.22102060975448,48.244181066444085,28.226143185136785,62.71214760946289,6.601059879149765,64.33029707520022,Corn
123.67015272736012,58.07070714948917,57.59825389526422,21.680142077448636,72.10621234832547,6.835356493051874,82.51097001361634,Corn
86.70001888641133,40.94554344185346,59.25914501329798,26.070940360887807,66.4009223814221,6.078336515339171,108.6358993858272,Corn
121.61334346303212,59.87067435436678,69.63356560644662,21.36439752556733,70.85433662142782,6.285182521725151,114.22994223884221,Corn
130.23184359607234,67.69744605297478,69.73767981106565,21.28394289454125,53.12328948152499,6.669206580554489,136.75803755096138,Corn
99.19124665918642,43.176774759559464,42.56974748789292,28.941908746641182,55.756019741562284,6.188045874538624,83.9984603340482,Corn
104.84974140823562,42.77695370984374,55.57179372724811,20.676125635922148,74.01069523467085,6.08045449829252,131.0017871906766,Corn
141.6055361293021,66.03509476188776,55.98873359654006,23.243337531153756,59.990057391745935,6.603384346237828,199.12090418317513,Corn
126.3287432894565,62.311336694801,61.919515307177384,24.65205612283718,51.80427027802356,6.474756179053491,193.64379267580702,Corn
92.27120596503617,67.60019563282663,46.028010659771695,25.358276844730813,52.90029348940159,6.340445123509822,163.4244993342869,Corn
104.33000669672874,66.59646897948872,63.86349882369188,29.27177819479453,57.039262455663604,6.27917909897117,72.86240199956262,Corn
149.47384515108627,77.08003871697181,56.19871390841679,28.420332943764212,65.62873931816127,6.548302825603312,63.36866481740249,Corn
132.86892943477656,45.10853934540939,64.78202890757585,27.82028087670386,71.26234093228929,5.843392456629714,95.4692533917993,Corn
98.417879893759,54.40545629886076,42.62928240291516,29.36957823031063,66.61406722137129,6.166629172789628,109.5472275611425,Corn
111.30417783533849,64.02377333442469,55.470382830894934,29.193919732144174,64.90890448717491,6.990589617787975,177.71374366176437,Corn
94.5957360050135,77.22380858575664,43.490991936564285,28.174497084911916,61.41869880429741,6.853569184534083,180.20850351611756,Corn
136.4147780082335,71.60121745228246,49.14037417294122,20.809192830512522,62.08940536295484,6.00822941798381,154.24266333536926,Corn
104.22698085764499,79.0244080343966,59.22916232035996,28.22480563634361,53.97574018225545,6.834417378727147,188.41357857700916,Corn
114.09433431732552,64.2501175100391,62.94429402708987,21.748386272604126,65.07698229390327,6.278395633326776,71.95609882433737,Corn
105.7274095604072,42.726892375419744,40.77435720848461,21.351662891548226,78.89345334767522,6.45943544307402,194.873324172983,Corn
110.27485148310925,52.47264532341038,55.18425588520732,24.395116886329102,53.16994052785232,6.568991577628247,82.40572737643994,Corn
123.37115684284808,66.00804369592613,44.560745593859444,20.613496271106683,73.4228475820532,6.351760508523184,58.72456932582137,Corn
149.64064220188368,42.31122243985467,60.8510568657566,29.836789252634134,57.17540312647777,5.970699242424636,68.20774091336433,Corn
101.22926032973169,44.041832440425864,60.76484025082396,20.622917981300628,65.2826638444937,6.996036224623572,172.0955404259028,Corn
123.06536067617077,52.25014483146447,58.716875088749156,25.270414639116517,62.78250151671114,5.956852452088239,182.99063228607,Corn
111.48492541749258,47.7849004728306,51.03278052631869,24.14129752528927,74.82613686700623,6.680337256673682,165.39573404620097,Corn
80.77218851000531,56.64615992719046,54.44032454905971,20.191922768230565,57.79439626235103,6.712347787746562,70.56645585934986,Corn
117.47170920168142,48.6080748806895,40.3636232393168,22.412014575995414,79.2762126473016,6.761844534259588,193.936496648155,Corn
114.14978307484537,44.38944794710014,56.43878466921079,24.54377334559961,75.33071248218847,5.917699096941093,123.23617055326673,Corn
90.50340652857889,52.9870370756024,62.12071232163399,24.760181293687666,61.27664855437308,6.273371534284042,118.917015260898,Corn
134.951158068594,75.68338755760938,68.66004059511785,27.86903386255295,59.46220687244038,6.62576164730385,115.6404686083088,Corn
97.82694354322358,73.6348631770369,41.15279046886975,29.017619921354235,63.84432393874202,6.564641772169937,148.9030883308674,Corn
142.65824184945754,65.46678728668829,58.41800754280185,20.6665204056069,65.55224065835613,5.98020280098045,160.61506530822282,Corn
115.85553445688721,67.20911116833413,41.25018701807153,20.84792016045803,71.48970164188047,5.886501203198408,60.68850916478879,Corn
80.84759326644212,78.2600559319792,62.12525078377021,23.53251408502064,58.89606743862966,6.219643875695019,166.19802967717726,Corn
126.29594277492902,47.40782271469872,45.22328006002253,20.983956497133974,69.80908159104014,6.717247194666083,89.7569642487506,Corn
81.4661472721639,43.28686669905709,69.03580104535092,22.954447774774202,73.076694435144,6.549596282625116,107.29094594793438,Corn
94.39810835368885,44.85545672637626,58.450389041166,27.74633780637788,69.31712760623392,6.43636255989899,56.29268351474544,Corn
147.79421443160686,71.94856766618298,48.784661101028945,29.799703293588507,68.05644768908967,6.498907189848696,162.2109769144298,Corn
136.82388516630962,66.2591442932601,43.842872390986,23.382675059944983,77.8425092097815,6.069538734212622,105.825053575627,Corn
110.24538180609372,57.57619958777809,58.38818747483576,29.430758377447077,57.220781354975145,5.945801651561101,79.6205734789906,Corn
142.08474301464886,65.83243250620825,48.57720367717481,28.159469389686173,75.84109989090308,6.815817206428333,187.83898004593317,Corn
97.6568714121353,70.20167714985114,53.8161849182242,28.419985528900614,71.8547203148484,6.7317369357996695,148.42427565216073,Corn
92.42001386287949,61.80107675587753,69.54009218573525,29.37388066497119,51.29521207391035,5.997777778875324,69.75931601818428,Corn
130.8185936989707,72.71141319427781,46.40534098932016,25.05852692951829,75.221090840336,6.6793618537195005,131.33558082377726,Corn
121.32433833211411,60.3344218766512,48.92645353956462,25.65021992859016,70.66655906150272,6.847987499032969,145.4437030968872,Corn
133.27850759302106,46.40286539818292,53.8467242325937,20.093316198270934,57.40036593564869,6.671754058135606,198.77149270240452,Corn
86.94246697110512,56.059772634451534,64.00212906097478,22.040356346288988,66.65254847906859,6.67968555523561,142.39781753902685,Corn
93.16173142307913,54.21538274742957,63.513753534561914,25.542265141320165,50.15688840628738,6.713188912033712,55.29670324103586,Corn
132.20136479118625,48.0992224066095,68.74220440358141,23.679407513020845,59.80794849014237,5.978665660398933,95.84063232353223,Corn
141.36555332797406,79.85337350508989,51.04928591520545,24.486106309545427,71.66212814608211,6.86343493655809,138.95665012801763,Corn
107.40679887244805,56.50487363394495,60.868544394904205,20.032182636042787,68.58768012379522,6.226591612529629,169.12959969156265,Corn
86.50934478761926,63.52809067793562,54.42918669658371,26.423255259052276,51.94560783448905,6.495980544913757,134.22268819392855,Corn
119.24620660913197,64.13950666385819,60.294038116790865,28.0498899968077,58.094621603846434,6.790059292216075,124.73835233951804,Corn
85.39407953940318,42.342037169759166,50.027149560881824,27.848969771114675,71.23042804222747,6.746337957606888,127.59035846624141,Corn
110.81392985688434,45.89810106825136,49.84578260827935,24.340193661738752,52.65801289038852,6.064734343253454,139.73379410956082,Corn
131.49641799674328,79.93390045571799,67.99339994030673,26.425651995351913,62.637441598822164,6.563412837649879,167.8477427120348,Corn
88.28353336463711,56.39619558785153,65.19406856906852,23.83832951933044,67.1561681368156,6.5053232330346376,77.6714379700459,Corn
105.35648091566019,53.38045154967729,40.785901255961946,20.241917638913552,74.9509113102732,6.1276849719673745,127.71181493582232,Corn
100.91079015121412,77.62716980461363,47.778902765973214,24.29656812738935,76.18190751453805,6.8103202801501705,77.9152126769416,Corn
136.18503168569973,58.327475469515704,54.489066162560654,21.33479972415944,52.41804541271374,6.673527168368518,124.46917285329496,Corn
110.57954918306257,69.18032914609587,62.96538696973329,21.589081676693535,68.30675448432925,5.9624248987332225,162.70626290435683,Corn
125.98686093869976,78.26458484333833,42.06874049069263,20.570547211512544,58.465612240796005,6.114046820483087,87.04681986079997,Corn
143.43782063647257,49.981847993980246,48.15849178385893,27.593982624179638,63.4921952735162,6.732052668346217,59.80492363465778,Corn
114.12998355713691,41.34454400733131,41.87959610366064,29.06437453344411,54.17736113352785,6.43890481873026,111.66434039010599,Corn
104.31403283811899,75.9933338274909,40.65470190326469,26.63789686175589,78.9018330264065,6.47220182015421,190.52336930496378,Corn
83.65805155002167,56.751732762966455,47.804733728861535,27.308209649807296,79.4389127149174,6.107836074933097,148.1261902211112,Corn
93.86683429318181,62.61321018286439,53.91797460065008,29.72005329631537,68.255818180894,6.219407646504182,67.11436773319001,Corn
90.58727801144542,49.0126771980494,47.52899984020894,28.50616057841138,66.83668364847574,6.428069093649239,67.21533078038263,Corn
140.20977853446044,68.91257212833935,42.03005085700005,27.078350972297685,66.30614652027938,5.898070414896134,118.74509622929847,Corn
113.9287400991033,46.63098160653103,68.37094441000846,28.49975371480662,70.07067011987326,6.354754673200729,111.76483123767628,Corn
125.5681427005668,61.81727477627622,41.86819317645657,25.125026487703316,74.19210851698519,6.35108785311635,57.79348663314026,Corn
135.03947395688232,48.054551285438976,47.758625046641164,21.64706353432296,59.90645194614493,6.708101806826362,127.9078789255906,Corn
94.34168919054989,75.11320312608163,66.38745564854588,28.70578425046007,57.16388634144618,6.341487213017186,197.74844842113126,Corn
134.04087334169932,41.086696849022395,41.956137737814764,24.63931376812333,77.27660617584681,6.446442157543257,124.67187620514353,Corn
87.38315899696414,66.27120418897177,64.66309481800677,23.804200075075624,73.26835552775982,6.957371984680973,80.56496886915336,Corn
116.63307418363189,51.48551832338302,63.785632571015185,25.775933658811574,69.0374725265091,6.757496991539073,109.39557089936824,Corn
145.75450342035217,65.9908660173842,86.31819291341392,25.56719294535042,75.86522700876509,6.253409341654021,108.57434055990024,Tomato
145.30716273828833,58.30713462133427,119.34085890860888,21.125692224390068,64.0403133680498,6.147379871390421,111.51917680062964,Tomato
132.7146276162481,54.563128496668185,97.61293673473396,24.922384200558415,61.66928169978767,6.705933094725871,104.28828283532282,Tomato
125.26033867883191,79.01379845777511,96.71043917100398,27.872882552291983,73.35839997607255,6.507737018603153,53.2763916236628,Tomato
144.09638791523219,62.82469063761845,86.48933623129918,20.10086015980607,71.19511367276765,6.421919697698141,97.54828978953269,Tomato
144.5129026508901,52.382197539290885,109.2598596136145,21.49929555278066,77.16354106314327,6.655250811089324,83.26350039884355,Tomato
135.51213993116556,59.43050339551245,98.84671595731258,26.573095181683772,69.18530394346428,6.2862386122603535,79.536995780024,Tomato
141.41246262186093,60.05624142112618,86.95046372542976,25.696112162646244,76.51956425416164,6.0805099828188265,59.189929020475574,Tomato
107.0985994880497,60.438242347465,98.01403915621651,25.99061069570645,73.02295169763349,6.496742853982745,68.18999572877235,Tomato
142.07237765423798,64.13861502194493,119.16419752060618,25.073137106365895,62.525294831290054,6.540942049660347,66.00832123453591,Tomato
134.31635983430488,52.089234444872176,86.99525748703837,26.84589807124629,64.5435911404703,6.669632900194352,62.34208707635283,Tomato
132.1440955029354,70.82451720529494,100.50619012580212,22.44248541357385,64.25288752742192,6.026551483649941,64.31571209925791,Tomato
132.65813952656416,78.14914455345448,114.84817929052208,26.128518212282422,75.76894686506597,6.531987922780796,60.82294860528024,Tomato
145.35975153529148,70.12196935717502,102.4176252392176,20.887915753707848,68.9411108761285,6.368286616961541,109.16508876181359,Tomato
127.33241100938943,61.41201646911229,119.07201314042638,20.885764746610526,68.45096856623888,6.033619740137124,99.19232966135442,Tomato
145.90382760995755,58.401119886514685,114.33366707196484,22.33774584369518,78.2154032328783,6.603169522877427,104.39254214731508,Tomato
100.90032778002272,78.88431071222078,109.06683968281293,22.438008763089066,76.58789329717695,6.225216958731944,109.82030716529023,Tomato
105.62901952059686,71.11057932382387,101.62793906579641,20.772275761563527,64.83787656517678,6.009923229021852,77.50143723716047,Tomato
115.06326303800002,67.95072452893277,91.88951230834469,22.399352892055877,74.86386397463207,6.0385142687826825,112.23159961535897,Tomato
142.61319371955906,70.03414049679219,103.72886280429537,27.138419985117217,63.70660359057429,6.063175329752663,59.16081359276305,Tomato
139.72891393500953,51.0401080017945,103.31227340333959,27.96350012953048,77.1139218767508,6.417156551234871,45.09127274293139,Tomato
141.5686757192855,67.96935524531631,84.59731988238268,20.75085827858685,78.19253638873185,6.535360210350463,106.34294394534044,Tomato
143.94894501411335,67.15317056144967,100.69785407020166,23.443419282567923,66.33893175582239,6.347676768686969,101.91037245841251,Tomato
130.0961715507566,76.77569869864539,97.73520057516751,24.856716629750032,72.62615106183978,6.47335772984506,96.2107018468413,Tomato
111.87167341874031,65.37091332637372,84.16899211233391,23.0760906211585,69.75334137242528,6.5217794076363775,116.04248420689628,Tomato
130.0325533274178,72.3078174852968,100.25064237980811,25.072832251010652,61.41864432267547,6.203513264673478,68.9482474564111,Tomato
123.62466775032567,51.36946236507151,85.6009639021327,22.214514462330445,79.43065381802101,6.265077605682441,78.5632846489666,Tomato
109.80488563691965,68.32340213227305,91.22732862063897,21.655940627507412,70.33145256891959,6.004404639328337,40.613122611938024,Tomato
110.95344045509289,51.101640875024636,84.32103016522765,22.710885194710013,76.05171359159625,6.4576389146954405,81.01341807651332,Tomato
114.67444116040608,77.95261158298449,95.88060164948766,20.696742134366172,72.34133032235603,6.0910707147812815,67.61785142413537,Tomato
125.37059693589045,76.22667574055527,99.74186321360474,25.618070128253315,79.8563367799814,6.105191295918385,61.97852204156156,Tomato
119.72880377988233,62.65484535616494,96.44084301062183,27.26088802045244,74.28065288933713,6.486324171272563,64.74981742902257,Tomato
141.18951921106475,78.65181534454968,112.84793130200906,20.01252084153178,72.72802740366814,6.040908305153681,60.60857762669775,Tomato
102.97623501738859,68.11386358848164,107.46359653970427,20.91590110452724,67.67677766089959,6.364989207164434,69.52424174087332,Tomato
106.05125002425966,62.56843370562426,110.04712191233672,20.568061316266043,61.603600281638066,6.283817033468788,115.33805692951401,Tomato
133.4286323361457,70.36009870017695,94.4767996335146,24.74928632966831,60.202623680554865,6.508876837127634,113.06295580609894,Tomato
130.62867341724098,76.21095780399035,108.95892221864375,20.96446733122952,78.04906614571684,6.05315507548462,82.7173978038211,Tomato
107.10685618967288,50.35119832192712,96.88137040510556,22.36032566123325,69.72000987595206,6.4617599093876406,43.49912578471579,Tomato
106.15016475618728,66.75927189351276,93.72669412690632,25.833387900395586,73.04583297183879,6.6764834903919255,95.39942613353801,Tomato
121.49655386950741,70.18899867183298,91.01524697021674,22.450507990225702,75.77970319841586,6.357135613121265,103.8704272414682,Tomato
141.12111868341393,75.72687012983852,116.66540943364829,23.44788176410637,66.37733636642278,6.465758997275291,69.69379387501021,Tomato
130.05370834001164,71.16757587931474,107.53620073968548,22.99642309616097,63.337204033975055,6.344423470769766,51.4075315265527,Tomato
144.50485175919042,60.376323822135724,86.17838988893295,20.203582079246008,72.91644772572968,6.509521853963794,67.24833332650334,Tomato
103.58559444238256,62.28886684685696,92.44869980253574,25.416965117880075,72.11558498905381,6.291674982558032,57.43140434039921,Tomato
149.4017983077796,63.62004863588345,107.53096943120948,21.124423740626888,69.71179399318795,6.022029375895572,80.436409432836,Tomato
148.20087035588512,61.526201389574005,81.55984050299647,20.247646327354747,67.75973519893739,6.128019949170556,41.86816770625487,Tomato
137.81068069750884,63.755690266456725,91.56979087890618,27.200665464131845,62.322779204010516,6.764735063164255,65.11733739018823,Tomato
144.42018361543407,68.08828629438385,113.0682943896595,27.872105305683714,65.76810875637491,6.768908388326074,71.15855159219363,Tomato
119.27559523684612,60.211613127635175,101.6563042939034,21.233160345427898,71.07422970716023,6.4333638499280035,100.9521450083896,Tomato
141.68249809687927,63.213240509372724,92.09332997405974,22.074679178536755,63.892476734097436,6.04611806575922,67.39583830677707,Tomato
113.51238460653916,78.99252157599221,102.30835305000176,22.778216312244062,71.60935201987392,6.111357361076556,75.52349993617624,Tomato
131.31171607105318,64.66693495377353,96.07115202617297,27.950787111197585,77.60629524297855,6.498724766527552,85.55018889458262,Tomato
131.03302399122921,56.039363234673,95.80550973057274,20.315676263127195,69.51092074973653,6.4344196671661305,58.21997888825677,Tomato
148.2014423582757,77.28363832811726,108.88572941823624,24.2670930301229,77.3993831929537,6.10452187505877,103.2407835419908,Tomato
106.24104069834242,73.82631987648216,91.03070273005427,27.016724648145512,78.88084187650796,6.119036775524092,77.01404840523148,Tomato
149.04936890813426,64.5022230791944,114.54190090058181,24.709852177050557,67.50659815839204,6.228626844420696,56.257847286886985,Tomato
138.08990956888488,61.596215204690836,100.45101848803004,23.938603840009456,71.54558058466263,6.692461716499642,118.45914748667435,Tomato
120.37921042869084,74.82556766318909,110.5811117861887,24.588231611644588,79.12094287223866,6.160379612422722,48.74113682476971,Tomato
142.69809834777112,63.17449449901245,113.87875416828243,27.14472164156332,61.24915187238143,6.706771810388848,75.86552442955377,Tomato
125.52162445021162,68.7977753327963,117.05530426920348,20.15292875543811,69.53686936635634,6.550177633944449,97.81655661585827,Tomato
134.6266215768554,54.03305388224366,91.97582353486725,22.86972420333611,76.0887441535901,6.223007897931643,56.85639710937625,Tomato
147.8724009519048,50.265898553404064,119.91283422727912,25.414570390859165,76.56938598898233,6.235695517076954,41.1452222133648,Tomato
136.8934759280765,75.02433791002028,109.61904527814076,21.142802298406707,75.06855844513939,6.615138225686112,92.6832412536044,Tomato
138.30579663977932,75.37764319033197,104.54416456949834,20.708837711757432,69.75255619334422,6.062119467737284,72.60344248259446,Tomato
120.35532445628138,51.98029532420725,93.95282135877918,20.88798479033052,76.16470420018445,6.758150420771576,45.78531802063509,Tomato
147.75576036458506,65.67729798010235,91.98262711815495,20.614896602209306,70.01248536140835,6.6356124355925985,96.56691818133585,Tomato
102.51130057319868,52.18705506103711,96.11493130530548,22.362323952383548,64.64768646112095,6.224803599126971,104.27861946375077,Tomato
146.4614026815927,62.15308083582699,116.24444008529989,22.571965609983057,69.52873972687583,6.1808231982528,91.23808337406751,Tomato
148.94905575874043,68.10479288130136,94.31256336454196,25.182539567924227,62.45841356930775,6.7109272642123186,80.24671606238691,Tomato
122.4674871019821,67.57594365360558,104.9913545115761,20.574206449812102,73.65234442446805,6.193545344252423,97.11621060052718,Tomato
141.12673971920984,74.11875522657562,102.10003869631556,24.16135913848601,62.857519226788234,6.6202769203225085,61.71275043573715,Tomato
124.83477114089733,58.5282227878255,85.35313451998772,25.03646157513389,61.086640696458076,6.59891618730096,65.40694362088934,Tomato
100.00673465022426,65.3338741771169,81.87407634110413,22.209356462567197,74.13952974911433,6.050151697297492,107.1470793884802,Tomato
100.19099613292916,57.40471607605707,109.63616224608286,22.530161197834452,62.03784776132027,6.288187135040342,61.63146291076204,Tomato
142.13559510802776,59.400437527554296,111.55729887104029,27.134977158485878,68.6763483915306,6.727954515083513,70.18544431705543,Tomato
148.20392082450542,52.67868573576719,107.4807706601297,23.95051232365543,67.75297610911294,6.506169502998881,96.3085673307465,Tomato
100.21816348251545,55.008592662415964,108.52184202537275,25.33108330862565,79.32095010257355,6.608830232200626,116.06181661850704,Tomato
135.12702507674035,58.9415662591833,84.21459689003426,26.254590906759486,72.88298442951832,6.038548809914637,68.80403727207826,Tomato
147.8399907742143,65.01203437130604,97.30916544078818,23.661596841274353,64.17765448010327,6.294965736691836,69.58506047897413,Tomato
102.61775100937362,73.02702885553755,96.66017727615517,26.577439094531385,77.0069600223979,6.169595243758926,92.58827857361028,Tomato
123.6140902081491,76.40470213764455,88.62962716705816,25.422505602480353,72.15504244505445,6.236241182057467,50.92807229209381,Tomato
132.58198802386383,72.15792374396992,92.625093750534,25.158660832178512,67.90261815223006,6.570565506626094,55.93722199152425,Tomato
144.51075013180872,58.622287893967396,94.71143951024612,20.4647356166428,62.23024424642553,6.412689522169862,61.40741413823772,Tomato
141.77401128710972,50.44080165964861,95.16376194687744,22.69876437415274,60.38655261835202,6.0994947192004085,73.09141399349082,Tomato
124.64322922237233,62.12869241764607,101.23750713648376,24.76105339924545,60.19847642255671,6.371276127562803,117.07993927100706,Tomato
125.95161400647743,70.32626802376859,92.47455431667532,26.1919310252221,75.4584296375223,6.417036838123311,118.08110586233708,Tomato
106.27751073813266,50.50842994668743,110.80632847028383,26.45724429891906,62.404144582411526,6.212466266366885,41.404189069330315,Tomato
114.66543053902824,73.19425621756014,100.71842110850315,22.784764745346305,67.4347858981266,6.001082900572374,63.98404220521887,Tomato
132.32293708189653,79.22583331449071,113.88243307935598,20.18875971716423,77.97121209349679,6.626558730638901,102.43008988567843,Tomato
122.89978795017858,61.94015878863509,92.11662915332771,20.525558871634928,64.56470726987398,6.197282907982419,78.72616557681613,Tomato
137.3722203298347,64.2142948519384,82.31377797788642,27.66231840790563,78.85448638188225,6.628151634518726,119.30623212513764,Tomato
127.22411664001315,78.88305050759618,83.02420162467003,22.92544598609097,64.50762536013532,6.156666467307416,51.26423591141409,Tomato
131.12068207829984,73.43965567241915,103.13193597681442,21.17570167670568,76.22247539866942,6.508763765730983,71.05325649015964,Tomato
133.70651477680315,57.79714937728499,93.80768833976842,27.33988674505592,65.8100901134284,6.37599061452635,111.21129099168117,Tomato
135.38606751337636,51.866096784941085,85.89212177115881,20.062732726175334,72.61843580458327,6.358138740328335,50.74198807218204,Tomato
147.8967060528385,65.8897917183686,89.67573176451558,24.00482856923766,73.59240665470216,6.060991374378852,61.97630520383136,Tomato
140.34827454419968,63.78994611207984,101.86308568129179,23.462528017675755,60.8779988528601,6.132599823856125,75.64333109935127,Tomato
110.4592732703964,51.49937085979036,113.74598656207294,27.849540233312926,75.86285747993479,6.683027937363733,59.35817042536363,Tomato
148.03134877565998,55.90777113360285,118.05719241447329,27.958554351727607,74.23445611492097,6.784914985433457,85.56318236536829,Tomato
112.97708915880452,63.10987656996863,103.74243741515144,20.58465249621612,72.44686529234492,6.784942269409836,55.20861198269821,Tomato
139.62975581441916,77.23696381338858,117.74806371280883,27.681084835243578,70.42919277442944,6.781846326393203,100.58481657075511,Tomato
108.08357181184809,64.3070031940391,108.73324701488016,21.978722526552666,72.81230367097774,6.533280383237296,53.01597950468527,Tomato
128.2542656226378,73.14880732935823,99.95582658143768,20.09682493420886,60.18076938158585,6.28562347517601,114.09552547454255,Tomato
111.43383898018044,69.03091066615062,88.88303482773283,22.573359917276388,76.96084179202968,6.5830891538159575,47.63194218505685,Tomato
121.43510104932167,50.87509290935793,99.23560586412036,25.299472093608543,62.37005247196303,6.231107951127332,71.82693004017256,Tomato
145.97655123280248,79.79765046268892,81.79645195982464,26.088063387963135,67.43448132804687,6.313966548983584,100.34119786776182,Tomato
145.92132160727044,78.52785783507645,103.08490344153283,22.856969274404022,75.75098171717559,6.20080110660984,85.12592230668142,Tomato
117.92892307624366,69.69893221123628,89.61595651574028,21.532743565878604,78.36478173350875,6.08144294635963,80.47663261879453,Tomato
111.04263914815044,51.16789889977002,81.44075273165706,21.40177417684662,77.33540709012,6.225982995181622,116.03673364602366,Tomato
129.08111464945966,63.09842569306298,103.20355338677818,24.13358708181014,75.17552507514651,6.225996852778282,68.24403132802419,Tomato
144.70471512666253,78.39369539451216,115.70232909945898,23.35558395165851,75.60731006013764,6.381068586640879,79.80318817168818,Tomato
110.2340054528642,67.73390909775549,87.44543591013392,22.65251759253755,77.1006040323987,6.165660647368684,45.69266281387463,Tomato
103.45037963064081,78.22353561509324,100.2768175184734,23.275296574536146,76.21757162015837,6.668660742328413,66.57528264924836,Tomato
134.68090287368977,73.1336844755566,106.18602747463818,21.212760598400795,77.51766167034114,6.431275642188806,62.597794109600294,Tomato
121.2614092718847,51.12713271196722,85.11467204889671,26.124374004126885,60.00023269510732,6.333252662785833,81.80081448684707,Tomato
102.73172100004861,79.19234488916999,89.04501324998688,22.433589757090246,66.07885024510054,6.18433332969388,40.11790576690491,Tomato
136.46723970439982,79.00536499397856,88.9717393314018,25.30437753442738,74.8379265391743,6.67874030327242,73.81033576108874,Tomato
115.14654528202146,59.75885402069093,108.50485332394051,26.53423573204509,63.632279355132056,6.296752806526212,112.155215739932,Tomato
140.33467598473698,79.54575208287427,110.16993038728323,23.145561608223378,71.81275667989276,6.528811403397857,46.27646530536992,Tomato
127.22484795519325,71.27962485417828,86.69285216004242,26.245053739404458,71.67545561028223,6.761777428558076,43.39378385655134,Tomato
113.26630687777335,68.04661637899471,91.86239648823722,25.715393312569937,75.18010565043862,6.082012771253179,81.10835713654141,Tomato
125.4445277795528,61.07842310646623,117.31699450278688,26.62005055898577,73.94418763819273,6.571461308587998,76.93729150504953,Tomato
146.0497260548288,70.83786281759856,109.15924246623266,26.893527230298762,65.48143178684381,6.645656723093362,55.61924823651936,Tomato
117.26709761224438,60.06831362809528,119.14101873556562,26.852297789983414,74.02339723180519,6.581645409292312,84.96582355220568,Tomato
147.35453335542596,64.88776258647084,95.22070839479578,21.304282695452727,75.72411304522116,6.587555145660473,70.74840308193079,Tomato
101.25967069796147,75.16991983154033,80.45671933816294,25.629598237032408,79.40514219452115,6.350129062518563,58.79787239967622,Tomato
135.2435505021691,74.51384426046755,101.8572126431139,27.736282202049168,61.033374433159224,6.403836478643623,97.476315785804,Tomato
143.13202355745895,55.3776683572337,112.00013927054727,24.42165660574836,67.93107363979927,6.105372022863275,109.223660712713,Tomato
107.86366040898577,59.29363577627298,91.60182127849748,26.971312273526834,73.45405988417797,6.637345117753098,60.03743190339992,Tomato
131.24370498034995,67.15237949431246,113.31321507153083,27.248696483850082,60.243135429547735,6.539215935247034,44.14686392957832,Tomato
127.44293325386779,58.628981871310344,92.27106398088564,22.82366802761885,72.4258489809922,6.267239972535015,98.61592404722244,Tomato
120.22636927869348,52.05059600929876,111.35039369936429,22.286066596741648,68.65533759198526,6.548355106577521,66.59649257189696,Tomato
102.82928280733579,61.217631410384406,117.77794330777213,25.133875178388465,73.42958297334414,6.505825722910112,55.919371116754945,Tomato
120.916693205114,72.52819395089955,84.05491590212637,22.222822208717698,65.52638216931707,6.345615142075605,118.42949927537481,Tomato
103.37512733419109,65.56102983141786,87.17458728048842,27.765412363277953,62.266070094549285,6.322880801889273,99.03079878676849,Tomato
135.22772140137226,62.68185910681797,93.86096671810873,23.180899028422964,65.28552526317279,6.164266350965439,78.6431758047112,Tomato
113.42668780338036,58.6238499469175,106.27024253898227,27.748298653599136,72.0727440111875,6.061583573651973,46.04668910832536,Tomato
147.5711610422783,58.91872370922001,83.68267944329902,24.792356697203054,72.47297556580533,6.518803856094951,61.392162228603304,Tomato
100.75553421072375,78.95046108363415,90.0357218276441,25.40821030442038,74.13259739757419,6.4880059336635885,65.03259153709186,Tomato
113.55481268820328,67.93004848108109,114.64382534446766,27.573869831387164,62.118116088075155,6.1238628900781755,115.57890070264637,Tomato
136.82676141673963,76.4898147448932,88.10530536541373,24.700686968875214,74.02279188834947,6.544089508357578,72.65213526933584,Tomato
100.76974458456543,67.4877817041279,90.12406156718436,23.602033969143122,79.15162030167635,6.3192282541139475,107.18412853315414,Tomato
109.42703028746256,70.17381494075087,119.08027817755774,20.815144806983493,60.16639884454384,6.346866234106091,47.41003864410938,Tomato
137.41921748381156,77.43645991545677,97.36083890835036,22.069693137243526,68.6880663801322,6.57875825428,40.72433292642968,Tomato
129.47269947423484,68.39875054662137,105.50752987583742,21.93617663984702,74.28105446756254,6.073113189065421,55.94162691734407,Tomato
143.8735023327241,72.16169452179699,80.54982216045381,21.987010082958403,64.28812965986329,6.216645062429578,59.80478162239091,Tomato
103.12631478714229,63.768215497904606,109.30933899144661,24.85385379773949,73.4574333719616,6.064919342828992,116.11925681414297,Tomato
141.92459169215124,74.15270955486989,112.9193522016707,27.46168406506209,70.88507932227395,6.1602256142941005,89.34268862820329,Tomato
137.14407468339695,72.13752180062076,100.85796096667521,20.547669754668625,67.42225876860256,6.736613286770686,86.75591278059409,Tomato
126.91659716278568,58.065605431465805,94.73795679666316,27.162768713225354,73.3292609505367,6.6299096214018665,76.34763384541242,Tomato
105.20988877824632,44.96767217486415,88.21843321133946,17.99320933592336,78.85091029629491,6.6493223245768815,143.62806214689266,Cabbage
82.56025386434484,56.49486474694015,71.69532441648772,18.107436181544646,70.43826657550018,6.301046077834313,100.26312426301305,Cabbage
82.24704309389756,49.8219145876633,97.08442515433708,15.737752526754637,85.2888145615101,6.409671053375993,115.5173714524338,Cabbage
90.40946391940918,43.18984525082717,66.41850457084905,15.493443619502013,73.71293409802486,6.664219384988968,138.16906118435082,Cabbage
112.56502742364647,53.70268619748968,64.41727453644411,17.02431212407165,76.19613750644938,6.249956946397621,101.5005659709723,Cabbage
101.4221525951869,47.137719503422204,74.15156634945744,20.79988918534257,85.78585696639371,6.307795831680746,141.37884438732593,Cabbage
118.11260068010024,46.53485084060082,74.1769979517222,18.539439073953712,88.82241625067347,6.876319433142312,60.25679625835898,Cabbage
95.70922973085665,51.067423794995435,80.1252989020616,16.357041475558248,87.1763354233631,6.676940782996837,133.79083748518036,Cabbage
114.35057117397889,54.967117073314796,77.56842404998869,19.27382728510797,73.20730812239486,6.673645417474908,67.92532557392808,Cabbage
107.75798362040626,44.591963215079375,64.7020520060088,16.1569914310007,70.0398427043814,6.71873961785353,123.24010490583791,Cabbage
100.59733399653038,43.22725602110767,63.34217350042759,15.13390276506101,73.31496353930442,6.890855534983147,74.15368417016818,Cabbage
94.17085308868863,42.10690968962666,68.89445218992681,18.634571995461435,82.15505366191306,6.245352314166211,55.773215922511724,Cabbage
95.64131476509594,44.68406741852668,68.78215692919207,21.719039618994188,82.32600971851448,6.556878443172096,91.57751035233218,Cabbage
97.15777333720577,50.81810007676162,87.8571922814443,19.915022673272805,73.433878154109,6.500112752076627,91.1958095034102,Cabbage
114.82107865077538,52.628378424367526,81.30016265663927,15.807762495252422,82.11275778646822,6.117203905680233,83.7206575565752,Cabbage
85.71367859257327,53.84147294048738,68.2500845534461,17.74301561231618,87.91349555237557,6.20431638339897,100.78050639587792,Cabbage
96.77086644664088,40.3624808209146,91.7103245429125,15.483321344202198,79.48510041953907,6.56067829493895,112.8426456614587,Cabbage
107.54526517231503,45.065447670454304,60.39915106633798,20.064105636484385,80.71313198695157,6.836117703207249,132.13883629006943,Cabbage
113.73304671151533,49.7018931995908,73.34513583347463,20.54090741813959,79.02588226058509,6.183442196403434,135.49740195614743,Cabbage
115.3023950708939,49.3261951228034,63.0279890923915,17.71478262941852,86.07075318925206,6.901774028546229,70.34727424975958,Cabbage
82.67894448101086,57.54700906265677,75.57619755915502,18.79232674987294,89.36131624101517,6.066564727914223,114.83180074520956,Cabbage
82.96421690299468,47.50937856933001,92.15258180773787,18.03430562928944,89.943647078059,6.559059284946602,82.11621526359535,Cabbage
88.80445303619013,47.01041068572324,74.90133095038203,15.480995744067727,77.39148398853547,6.464238519739225,122.27377522388046,Cabbage
106.26917938886432,54.17531310458308,60.334547275074286,16.523671797063752,83.23368576799713,6.483989368179747,50.5313475668346,Cabbage
112.17978569727289,55.45619146580675,81.9367665197425,15.465243280433905,85.3303009906517,6.5837135877313635,128.1959977157959,Cabbage
110.06987969583362,56.06004143915674,80.72032265618499,15.982271627354605,83.42314946759377,6.620473785051971,124.22531871990871,Cabbage
86.79524024202941,43.899503998005784,95.61638068877315,20.249844589164496,88.16456977400645,6.758715321163921,109.71553059903019,Cabbage
106.16530948111495,57.7825584788002,83.15227018047761,19.42673927029871,73.12953432007201,6.473921220116103,121.6397111958099,Cabbage
90.83770793265461,44.0450836104907,72.55307232897663,16.690504395949834,74.29825274072792,6.424850842868087,140.7838513883534,Cabbage
100.28238586954873,43.758407616306464,63.078866775234964,19.873093015965477,77.65597528872776,6.82183094658536,115.95107686407702,Cabbage
111.84965802165473,45.438920788368975,87.69435689844232,16.848433892856033,88.78136958900583,6.636374281533374,82.4511800175342,Cabbage
90.78047449169091,43.81853170143287,87.78563835574911,16.53100929098549,81.90606531854978,6.264635026925357,116.19689447938686,Cabbage
112.59758914162157,55.56050486289306,90.43405323723127,16.314056839845765,71.76769893969038,6.698948828487386,86.83472137943514,Cabbage
97.2938490561339,40.62298185586782,70.38305797100196,15.235734827121249,87.58371545202496,6.24339668321853,105.7337169573008,Cabbage
81.55917282644522,53.33694782611316,72.92109383016376,21.28543430870366,87.76236377868071,6.325290618361747,140.0960895690468,Cabbage
119.84630693995115,56.508313282478966,93.79485391020916,16.74306115276363,81.53404797715513,6.067255913967368,59.49179368216697,Cabbage
119.95570448133162,46.532784988518216,89.92735648195385,20.646655371187716,87.16046542014459,6.997628297402157,74.14964852568679,Cabbage
81.61403307438799,48.22383035989172,65.20322679315788,15.156981224134386,77.20853654282972,6.783738251075237,106.61806912250708,Cabbage
92.51111956841416,53.08684010985439,69.28072721235243,15.100670122504596,85.28706772872854,6.623743084864009,126.23026245009599,Cabbage
81.55752066750662,56.74239255661304,84.78104800145213,18.943767454988482,82.49228096229064,6.864433246868364,108.6936506558907,Cabbage
103.23801519552717,59.81358314131532,90.26920668274272,18.096056638157947,84.14794000065855,6.389230471691788,72.8875462483499,Cabbage
103.87407507551038,58.56364196227903,97.1655808006185,17.393336946738433,80.5535493244339,6.211635898569861,149.56311094988834,Cabbage
119.24471631471744,52.990178594148944,92.17656238709893,20.0057011289859,81.86316438078936,6.053347996988897,95.4764342552661,Cabbage
106.99145208669643,53.55063227767369,74.92490473689534,21.591843906606215,73.34714064473562,6.500359446215561,119.08839765508228,Cabbage
107.88543223567237,52.972779135376314,71.0115285380744,16.093445980806354,82.71880653653422,6.599302116139437,67.9356010289241,Cabbage
108.20556582282254,49.103439834673125,86.71042366412613,20.861569558391054,73.39456857153846,6.019144867996837,127.91025863957867,Cabbage
104.38789700610464,53.992791392442435,93.5261989995457,20.619676543771504,89.21840293857649,6.535935078852118,98.84956326599054,Cabbage
96.0754879956292,43.07382085688409,82.90428931528089,16.93908767028185,88.4261502442595,6.5831908042770975,109.28401805081101,Cabbage
94.1969864350804,41.03978703955415,61.269750614919545,17.96334600907238,71.69130756194475,6.6068469555401395,138.09730056396575,Cabbage
115.31659266074888,53.180908202644645,68.44927325891724,21.040977819512104,87.72186870626416,6.1966535849529585,123.74260857706773,Cabbage
91.46078195708492,56.0528062470586,99.8895159961441,15.21018203730575,87.94731731581864,6.622630533598658,147.3382619164821,Cabbage
98.6003807010571,56.947758611427474,62.49576274393109,17.34695335054807,71.3403307550242,6.97534313347907,131.6973907271837,Cabbage
114.10189684983882,58.75930462867788,63.40413944479141,17.699183147593335,71.42069778088005,6.210793101550029,72.93657770376723,Cabbage
98.76428844190315,45.371243349072856,64.03912427271044,16.172437623658755,72.94551127104182,6.973076797912299,125.92925069184736,Cabbage
118.71045861078248,48.79480973015817,71.13473926650626,20.588052380464305,76.52507836082293,6.299383373705348,73.25059922078312,Cabbage
85.18715912896941,45.12926122033532,74.21278993895551,19.717959457020115,71.25129684438903,6.210506939665343,130.90236402916764,Cabbage
85.87687694335084,46.85290293045043,94.5863568743256,16.0844771780041,71.6547367123638,6.484537995080011,80.24195112785364,Cabbage
102.53633457935416,56.076097809669506,65.48593952610973,19.064893591879994,80.11017520779728,6.1440787860132,112.39984855289825,Cabbage
90.94561671443087,49.756686370880246,63.29089297108248,18.21708840049536,76.12926936085641,6.822381211185355,55.69787269973683,Cabbage
96.7442909967332,49.16862848262876,89.00024305196474,19.020013025631478,83.34424674388362,6.777049285651756,136.22029736581888,Cabbage
92.55501986889882,50.76045410727806,93.604323137568,21.926157916755393,87.79038622087526,6.3714672626243765,69.51665172186505,Cabbage
99.57570149626355,54.832829036720845,79.7027628301319,18.382266043195678,86.76460842163601,6.361403779067186,135.97946748116456,Cabbage
96.27219203806894,46.56466211356679,78.15959644798795,20.33712871072408,72.52004055727988,6.196419215872018,145.1444825663092,Cabbage
87.0196650952543,51.35454635862109,83.1725786664775,18.427371234351714,82.89490497153638,6.2298267257976185,105.26622677767483,Cabbage
94.88693020987589,53.23334519258378,65.64894173492598,18.996141917876333,73.70540710766647,6.2786430631150365,71.87098003235832,Cabbage
87.31351119475268,56.514219031213344,71.42830270643562,21.489866473051144,89.39853050690382,6.571260469937098,64.30011226657264,Cabbage
94.98192973518326,55.95464526696428,74.69562914788281,15.60912052811952,81.13569821856376,6.845120851496035,129.59263871435024,Cabbage
87.00492560521413,53.45529228824933,68.82017053742588,16.527452741865204,87.4814354661037,6.2496689527402305,76.32473465180112,Cabbage
80.02613563045199,57.41338068251035,91.7037925283654,19.391302545634744,85.00531527877685,6.152048567424492,95.83235945875754,Cabbage
94.04877549395124,41.87553052514033,79.44521940859696,21.445177552398448,70.80118238101389,6.291460913493794,70.75409362057034,Cabbage
89.52586614662785,58.16869103758751,78.7227621693716,18.26409589057873,85.21151284910565,6.154492204004926,98.72653541000508,Cabbage
97.19940856484239,51.93821381093312,99.98230813001754,20.38614225857433,77.95731406034855,6.827553052274047,67.07083633124802,Cabbage
81.21854745235841,44.08896744928546,73.61646224457039,18.57406530221692,82.30258281082399,6.9106057172144215,100.98540095504578,Cabbage
100.05102578502917,41.004860196459646,61.396462106248954,18.858119733414604,78.76357226496688,6.839180394980299,66.06795847118451,Cabbage
80.99886648468198,48.980775358602514,69.4991422700903,15.347300613371862,84.49196573695258,6.111592999957248,110.83195000077717,Cabbage
91.24199000667556,43.46992100710044,75.1900609167727,20.610120433560674,77.84187153809145,6.750769649211056,62.54862967991507,Cabbage
110.91085678660316,44.73866649813297,87.0957251955549,18.960470883886973,88.58289434423375,6.387322517975314,56.616518883444044,Cabbage
80.76621942205011,56.53717121945506,80.98942550645728,20.426708362844643,74.68851200023029,6.345083745513234,53.01038722113189,Cabbage
118.45969298296448,53.357358134016266,97.32820351037225,16.858474852003507,82.22927222451321,6.678499968292638,81.75497002575884,Cabbage
113.92436940062521,58.943229258004955,95.39420470784017,20.173468831575608,75.54929359449908,6.2816160421056315,146.3360320446038,Cabbage
80.41137983742769,54.32099946484289,88.24984650221049,19.35882678664858,89.80217692173731,6.311879435763725,83.99718637932482,Cabbage
83.15757611786222,48.85596273087475,70.44194104939392,17.40370691524351,86.69143580511255,6.935484513527496,68.57330720051857,Cabbage
94.90035726213864,58.572611242307886,62.47233842756891,15.64652369677965,73.25581978412458,6.595212834126874,65.04722710059974,Cabbage
118.72305525802935,48.934290545170406,80.06071841400666,16.726610310637845,79.41920504869466,6.661913632637011,125.11771369540428,Cabbage
110.15472330839651,51.55782225388177,96.17439099975428,20.721854931142765,85.1409622939725,6.0556055216804605,50.68779622196493,Cabbage
88.49789108781891,53.27047187826905,76.44789955530183,17.816843815095183,87.69173776459228,6.8955628481318385,140.91752640535856,Cabbage
92.55512306060109,53.82111625478524,70.86532725097479,16.33426883152115,73.69264914694739,6.342107620863594,92.99576197798217,Cabbage
113.23796684220274,42.39782186945424,89.39703389579577,18.720184399325138,75.75890685351985,6.492819584532825,79.99420697770226,Cabbage
103.84327820953224,48.676878457104884,66.57622116315515,15.816081521889878,80.9339136414426,6.902413033286104,84.39576865576856,Cabbage
109.32000428890493,53.17322709879534,97.26219657237924,20.746867121093985,81.33210517810926,6.657030498234107,139.8386466584035,Cabbage
95.9807513834774,46.53589411715555,60.432443345407854,20.78585751934025,86.0196140080673,6.104454518100152,107.68573811327002,Cabbage
98.55926792667549,42.37418191018223,99.22272908242894,16.502871212243488,71.34468360181123,6.59484737950191,123.88666771330327,Cabbage
81.29773784188748,53.174352774540445,81.29167503805817,15.722855062125339,73.45047753892725,6.567974297316081,79.63576135132884,Cabbage
117.53262914605264,56.37480458968102,99.34268826054652,16.817695872652898,89.39447265595953,6.431233869791558,84.75187953137547,Cabbage
82.01398107877412,41.05530515719205,87.68045023786618,18.205502961038196,74.53043252072212,6.613970306325233,75.28581182501111,Cabbage
103.1052701737769,47.18417493965381,92.94208906447275,20.744873125367455,79.54700796244802,6.350819109335015,86.25597965590946,Cabbage
112.22858102672872,46.56358965595224,68.36237494827384,15.592818393127148,79.33386241768817,6.482132098919842,134.09087104029072,Cabbage
88.84954785784257,47.619825473367996,92.33622955574764,20.765365275242814,77.69222151957537,6.459124023286681,80.3285890849283,Cabbage
117.30219513677248,42.3728753148316,97.3499769200588,19.7870651628474,80.63144305373463,6.032659060784496,97.55961918220083,Cabbage
96.3099242001093,43.22437623950245,86.25638414002628,21.798056351578,81.2437762212905,6.714753276443946,56.84504525660168,Cabbage
96.70667983267978,42.32716970328992,84.51183342146041,21.569375107499084,83.23555464943277,6.076803048314422,85.46662049850829,Cabbage
102.02653517763406,48.06415512266504,93.3457604190069,20.702697032969922,82.23662040206443,6.373457945132706,75.5336373763244,Cabbage
84.23497272852518,47.09795366973108,76.52690068830879,19.730760475728516,83.16319648595147,6.070108139641257,89.52593154311577,Cabbage
87.27115468869448,43.13625410633611,93.09208598948985,15.293406517013803,78.38365751804243,6.1682036557665185,137.9330215678474,Cabbage
102.28162053100141,44.62761272753696,80.09709148665506,20.120404517921813,89.16236017838867,6.220446004245419,138.6181772129345,Cabbage
117.37216456669961,58.32841089064132,85.41657427447639,19.408744581042953,78.06421266367646,6.752397882303788,103.12940183509319,Cabbage
107.09752284913178,48.56915807697591,89.25985856172557,20.771300623231845,72.92872513205633,6.832929715574228,104.02965317903073,Cabbage
113.78663636360898,48.626034126820294,75.1616194153214,21.405425127620557,75.02338535096803,6.8442123252861435,98.4020572509404,Cabbage
100.56381770205039,46.16936562978968,82.92168802476063,17.27647837393348,70.78538828483305,6.271998605344356,50.63790434065907,Cabbage
119.13419148227428,59.31494419639495,75.8062118988922,20.09859598037752,76.9161219682085,6.671093157085976,130.5430043045979,Cabbage
117.87024978768963,48.004245516993436,91.33191931824192,16.86149915442483,89.80664607587296,6.025769598764351,110.3528806501121,Cabbage
106.38023926605308,53.76091114148258,64.81550315156356,21.569708484311914,73.62366558100166,6.622753403239841,72.26760791230849,Cabbage
92.28865668085083,50.929170834562484,76.68773674258306,16.121579206835545,73.41872804841697,6.4181447881628,125.72829782755008,Cabbage
115.91858587391154,41.682553245187655,75.72415630237604,15.701718946060137,70.33184961265195,6.661718682643957,110.24494419665878,Cabbage
86.52076455259545,44.67625666186128,60.94831014578074,20.844630439860826,89.49381192097103,6.1354595367946905,73.14752137652981,Cabbage
114.73638095787736,58.529275959123694,76.78509531227242,15.35435730588352,70.78783667385639,6.57394986606901,89.28951088931791,Cabbage
81.14609710310619,51.665047846251134,60.4521014635609,20.511603707044912,76.12865645406742,6.040258003009232,108.83522209831534,Cabbage
95.90737657732218,59.47600826714299,81.76794650014808,16.92667426725906,84.18877729267949,6.271492002542711,140.42432914075653,Cabbage
94.98887882029506,50.9973712555241,62.02292415296915,17.982848665665614,86.6472707932199,6.805648805363342,72.43185588535263,Cabbage
89.04316284042251,56.34610624426473,97.21593680677302,15.667526448911024,79.0011727885245,6.337454278964229,137.06884554574395,Cabbage
83.34099658720075,44.22251885116075,90.09873350345977,15.35905694286851,79.85070761428578,6.4421070346797205,83.44011789887486,Cabbage
95.78289261275695,50.59881173860466,66.45469433553532,19.003971147985148,86.10864658599972,6.760160929790159,65.38999046937737,Cabbage
85.96997878965895,45.36348735489827,74.44298905364148,17.85918906985938,83.59394433666691,6.056680432165836,53.46727042260664,Cabbage
95.67642251775636,53.94327384275961,67.7374137182593,19.49053136879376,75.19656275880598,6.886086108813516,139.56899442666165,Cabbage
91.89148817125306,44.59987507926481,76.45215888264926,16.683721096261042,83.44767686583407,6.826064684548285,117.3092130911217,Cabbage
112.97401788997398,47.939843244149486,66.25267882835443,20.165656631783143,77.20949010283108,6.671270825229133,77.06439419817656,Cabbage
83.24918539226691,59.85163590975527,66.24806031722397,21.918946957744367,89.54559865132894,6.793818103908039,115.94229620819976,Cabbage
103.11228201004339,57.322030907556695,71.57758086477952,18.27376848739414,82.38779938733003,6.411190475869491,92.7486454090268,Cabbage
93.21138670008338,51.28463633369072,94.02298112060464,16.41069864604419,88.68866077506883,6.68908765374823,132.327321268003,Cabbage
102.24762770520047,55.590334028481266,60.64801589357869,20.728662973456746,70.80277718170733,6.889913376362863,149.19627472386435,Cabbage
91.7626984870711,44.206371125715876,90.61453455432164,16.771184386441774,87.31124766344408,6.102842592157477,62.59551963793582,Cabbage
119.16606220402463,53.47677796540009,93.87548897715811,17.270305641460627,83.52967499041209,6.594241827308597,110.3150120122947,Cabbage
107.30129838150887,51.50718346258197,77.16249477210664,16.931458860663827,85.37162661826405,6.226272430003187,119.23543061544142,Cabbage
89.33331290597306,52.50660339908908,89.88313068516115,16.530997222345775,71.19886601722617,6.130973742994174,110.59969672710255,Cabbage
113.97785624902943,40.899936424708486,89.36605036166586,17.389230521650365,79.57056739839045,6.928859549845566,83.19715047358454,Cabbage
98.61347735757944,40.27364829521362,63.26394880019353,16.81014113794349,70.5570448164215,6.631375326048251,92.63983568016225,Cabbage
101.92580810912088,43.49294371792659,71.83728117746465,19.646771323969077,89.306054472608,6.050416773602209,139.0384320855266,Cabbage
103.07524805244833,51.278391335112474,80.01114140831041,15.485758601329284,71.79753703472322,6.600912005659086,84.09585714355583,Cabbage
116.69072266310722,48.13181074718945,65.73125834810564,20.003031834514253,75.8670684288202,6.525470307355893,119.783278550517,Cabbage
116.01056444808282,55.84382389603352,87.05444271490896,19.757432276766004,88.91849288064174,6.295824097496536,50.11120941961874,Cabbage
90.87818237592795,44.35782759253488,86.47338340455993,19.435981198358704,81.86922765409447,6.016243443209453,122.87780544506475,Cabbage
92.94121649941965,53.30111978013262,82.26313714008613,17.39911647799535,72.69152534208216,6.094418897660481,133.15183331122236,Cabbage
116.73590168326231,52.99576093528599,64.13736459441934,17.814190518217686,84.57878400210315,6.779820884010068,61.82186222910886,Cabbage
80.0012287538153,54.242740917612096,74.26384703944822,16.781369321327823,70.2579493957905,6.5402994067615,135.11507354259817,Cabbage
118.30526585090351,51.31489901226578,80.57845310959577,15.595394698424688,80.977456030852,6.379979078965395,110.71352808835769,Cabbage
95.54905391506188,44.80598246900733,63.79861100913506,17.20442911212227,71.93289668575504,6.176896950823984,148.7336158579546,Cabbage
97.76414227626475,50.63743533010033,94.9447411494886,21.968982303434814,81.65428898689363,6.812473821044172,82.69410243366752,Cabbage
92.22975829789165,48.05407441989121,86.90029050694596,19.77534182478569,76.30478869298902,6.1332099241366285,113.23962564655085,Cabbage
85.13303448755057,51.5698501645866,87.73688512225236,19.904280474761162,85.06944221319193,6.872859421565664,99.99589919647885,Cabbage
109.20996758118285,52.38345470731673,67.4655975919073,15.179827514085858,75.69082771353868,6.443033706337619,111.71059444286563,Cabbage
184.99593305032053,59.81228583530828,112.55497898984771,31.744359632320293,77.16089118752814,6.217736605160784,217.11274575866037,Banana
154.13744209074383,54.30160785164716,105.70269140036194,25.73838399222725,86.71175367745225,6.3165173314514815,146.74815840734885,Banana
163.77741418455915,91.00337510278247,104.15789598465938,28.486909604836296,88.7862082420538,5.87846789060453,161.5541810586298,Banana
161.3637902989384,94.89676467218685,180.99244203028994,29.081911533697085,89.60443435514499,6.047233705311698,228.19310561975155,Banana
146.6181591127557,59.49680682287804,170.17382738772574,28.895252461441753,82.17243163907183,6.867008785117946,104.18682356534666,Banana
131.5773151249496,52.84406988888233,176.65273162216272,29.914752178796547,81.62704437472634,6.51349435331061,179.18744523918997,Banana
175.62537914224345,72.7091831368353,141.22797278316656,31.543109408418108,80.017581997814,5.680671009994848,216.90862265189162,Banana
196.9321812284179,68.89196068635934,106.20367636287816,27.375136871166973,85.11863308639117,5.74288450994832,231.6204436112984,Banana
199.77493890102005,72.58697379907218,135.47285567302126,27.804929167841266,77.30292356790402,6.824910402139336,182.9651311042704,Banana
138.72744114248414,82.98451364652371,144.20334209311235,29.537634281654924,76.22892580261575,6.720585015583341,288.1007905758805,Banana
164.8765386159386,97.72829644294055,115.14323143699633,28.341913326362477,87.03613467890895,6.37260497113178,180.29235581780864,Banana
133.80844093662614,56.34120112752094,139.17424505622782,26.138625705738395,89.68731352984437,5.813246403241885,111.71306105690677,Banana
155.23661378172343,79.76148663597007,187.19130612805054,29.038871286923772,81.90961707446891,6.704517822289481,208.0557786374842,Banana
107.92802846311918,78.29252801566233,190.80185454216624,27.774188378487544,80.926516037996,5.71520418552703,130.28910438707146,Banana
143.2771484341819,79.78399120807647,108.06154051696018,31.57698012317616,90.10267234890392,6.379935877425494,265.6877341877981,Banana
108.01867568121133,73.84194388665622,163.00931268616634,30.800570342828024,90.66939120098536,5.9156038745701,288.1760339118408,Banana
112.43458414308704,93.75668093105762,197.09402496046187,26.240074662558378,89.44132128407571,5.560428278166998,181.084565027831,Banana
151.6283299197674,79.0322612954817,193.59372482485594,29.705754811059364,84.62555902438474,6.7145125543988335,290.1065641908818,Banana
102.20661486822908,99.12606361280194,108.61321390636803,30.70070745488133,80.60669505102825,5.6982694866308075,187.971127942767,Banana
164.39565794476135,69.04759225117375,105.4565408282699,29.196227977611017,93.04806552221349,6.074823048920877,143.2665555261654,Banana
144.25773459328155,52.41813555243904,182.04875844802748,30.784385676651308,86.76000926859257,6.029654333407584,259.95667288915666,Banana
155.46870247883672,91.29661542750081,163.14587925830205,30.49083831248958,86.9712598643552,6.121211602323499,291.5891719852275,Banana
154.11138248788447,80.25447592702692,122.04876394147493,29.379555525990934,86.43215298965887,5.7772575969205375,111.91741947062874,Banana
160.43593197147712,88.18461346751603,152.34013709220082,26.58740837723752,88.3304395338607,5.6201585899144035,188.36674096039093,Banana
116.33667583984202,59.22295255299417,120.22939491582036,27.706949399307845,76.02300411240795,6.0966901613936475,202.34148942294019,Banana
148.32942849663252,69.13920502015202,183.91466080707525,26.017286846943527,85.11393487562748,5.593062125434831,114.23113577558195,Banana
157.38658496770964,78.30092124439105,187.80335128444568,28.905115729620512,94.195820408097,5.573042272599895,119.60153695614821,Banana
104.40658615703813,59.263842516677,154.1270110941678,29.519005269991997,75.91170315897338,6.918956334768399,268.43307533007624,Banana
129.66124821570932,53.8593765113234,116.98870732190574,25.88861089628481,77.46567558597894,6.277842532998601,149.16948849868007,Banana
135.81397165291446,99.47526666921613,168.4314248925345,31.642864669329008,77.85113110066231,6.0732092122488535,210.94636065647086,Banana
107.6758061888738,50.209372181397896,167.04343337969175,29.49273661761005,83.21577619999223,6.234466114048049,183.0886001184179,Banana
102.40050448448889,66.76858031087312,117.70822553972899,25.688969323709582,94.134408677787,6.399039587563248,245.73125684732054,Banana
131.53637432661174,69.65735647470076,123.69239938967235,25.67875969675797,78.58063274883168,6.696271067944728,235.50916103675516,Banana
154.69288759854769,73.7544936433384,192.24342836561243,25.509144634450678,80.61201626475832,6.024906780356071,256.48516244255757,Banana
199.25146201619714,62.03352573785765,187.43073341370805,30.81435932302254,79.49314795283533,6.098998870298834,181.93457385850382,Banana
197.82206685265584,59.044595068944915,179.9157971104782,27.33934899921177,89.6174069155232,6.130016506443495,215.67195262330802,Banana
183.2611773326131,90.20827824919421,186.64231835397,25.41732127741261,88.8410110607949,5.709981065082644,183.1637136036822,Banana
154.85884150546883,70.13697423734153,151.96116758030075,31.975684161590333,77.70434627425709,6.513184068004638,179.20019327712305,Banana
113.30097989073288,57.936838168715475,194.9273106245617,31.157210476982335,93.14083920830043,6.9872991637410795,141.66307800170358,Banana
135.5439337364062,83.46095149624333,148.38025398606473,27.928726733648336,82.15622498671186,6.390670947915178,215.1186857280164,Banana
116.14578340642402,73.58699187592195,155.34717762098498,28.992008571119733,79.20214385824704,6.61340708837843,105.03981896421392,Banana
135.48318555431626,89.01063242678168,156.38929210554022,26.828137027576023,88.89906238686095,6.35108641623411,259.24872189127746,Banana
173.50251861898232,80.50539610181173,148.81776753108142,25.932274879672665,80.22666035770767,6.128649209375628,219.85985740127774,Banana
151.37078552153048,64.40922629797647,100.64643577897105,28.4736745533057,80.71251977124486,6.601912451065802,104.7892530540967,Banana
158.4827811305791,97.07371187530327,117.44092671114996,28.301546435254167,76.82843983634277,6.438522868392029,210.1063361192451,Banana
140.73655242128325,76.06885107368706,189.657465846901,26.374060116177468,75.45129023410695,6.792497327048651,215.4234164775813,Banana
189.06584554618422,79.84726117065863,181.01610899597023,28.007713543486034,89.99719862576538,6.869562200334784,214.42459274444127,Banana
118.07851505623796,63.43988075150991,119.86445768974058,26.72799919317013,81.12830898702073,6.332700680129783,217.59832589276655,Banana
142.6499747241861,80.77103899104176,108.15749256113659,25.61451765940712,78.43658920715316,6.277116247060517,142.7989357396627,Banana
128.32844034925773,70.0156418086497,181.18661240103796,25.09703495139002,87.98757640473245,6.503314796561028,259.7311560713273,Banana
193.27529390603132,51.006892447464494,115.37837055132162,31.203199058391952,84.1703712437403,6.346885958400195,232.60544074462948,Banana
167.90666044956373,96.58702016582541,199.69494174116699,30.041102226516582,80.74442418410301,6.819628603441515,109.84418290815232,Banana
123.10808528744963,94.86928587318575,125.6191514439355,26.544557417352237,77.76250586280494,6.788667636470375,200.01165183821735,Banana
167.48932030541548,61.953319203751484,175.80404210112164,30.32003881473469,81.251960498166,6.116023949515425,141.93805548604018,Banana
197.65610233229043,82.28012885292058,193.45438807155153,27.123698805403933,90.6378182599378,6.648787965827113,238.3311303733083,Banana
196.56389752668002,69.67776680531577,113.07173235897574,29.701962014708425,89.58619600954412,6.362590860188222,141.36357862667927,Banana
150.44559416693554,65.60948682845647,142.7466528166689,29.516530030912648,89.9042948538167,5.848337036352015,181.06507212939067,Banana
126.91615709916292,59.93158069309345,178.33872199958384,31.36476886105895,82.40464371369154,6.62691838656065,279.3990578728822,Banana
184.61242105302316,59.140669426961296,195.62918815133614,27.636735083006236,81.78481322347673,5.59364699091667,197.2347308209766,Banana
110.90136156409287,62.4269910463713,131.69426217672813,30.66178426444179,92.50977300791793,5.953699476192204,271.73962424891477,Banana
185.7230937369791,88.23254751924367,114.66951140151815,29.832259928305103,93.90048129161137,6.523810718150735,166.32336982156679,Banana
150.05793174308315,82.28625216755268,151.05704087285037,25.83967059211679,81.24128089304041,6.703594045830449,272.2836092191035,Banana
113.73000327155702,97.61933761993623,132.88226178486093,29.63619617111504,90.03650291913362,6.717919351956825,289.149940445186,Banana
131.29195480288226,92.92532272757772,113.16869034362071,29.93528634447515,89.83955459027972,6.516584861801981,150.4629472270306,Banana
187.30431470152035,58.44292316851975,105.36347915208309,30.022254934283385,84.50951430465467,6.773647029938014,176.67942821165178,Banana
116.82785885077128,91.82210962349349,154.89096316400716,26.324370546732485,89.40767997172891,6.266670457734251,220.86259644806398,Banana
146.08983382065819,91.43544919090033,182.956271568305,29.965721752770705,77.10802754792924,6.7582807928561035,234.20259610658195,Banana
169.70241660042996,68.14914202019358,187.92795561570068,30.077601201644,77.2518093305839,6.111667051609244,277.27607239202837,Banana
104.7196701697379,98.07083098210248,167.91625683195628,29.419631843503637,80.41118512975983,5.873187683108766,288.4116438977191,Banana
129.82724542341228,88.77526483594997,139.3121798207079,25.974778495492927,75.21430595390719,6.316386005522876,295.1557637097865,Banana
136.91361938092047,67.85961669965224,134.40916178494422,28.64380686113401,83.81329766848587,6.819871940090522,201.10415834469808,Banana
150.7757838188569,56.91857973602783,198.2739540910386,26.749810236081807,76.46728134919205,6.4947193734628135,219.07327403137452,Banana
141.51456539927457,71.1096116940339,178.5063921046431,26.369988480697543,91.4050663788978,6.473120670842527,183.79395475590488,Banana
145.80286165838686,62.832360359304786,175.21143326969747,28.590123196136872,81.41709085499687,6.394075173641426,299.14689041026463,Banana
143.52622796565538,96.03457003893098,134.5016839924566,25.3831289484749,79.08484212736857,6.128042714991526,143.9269857189138,Banana
100.02270382182556,95.75007688737637,184.3879411230929,30.19604562040863,78.35629191292057,5.6805453643149795,113.52094989447663,Banana
172.4029188772921,96.44039803439426,143.0535820913037,25.833984703972337,85.24785641464213,6.023247861187945,174.96498486999954,Banana
162.13306241557072,85.93590566311012,111.06035988731608,25.249131615645336,94.8866060537143,5.8490925233733275,110.76610498169181,Banana
118.987532909592,51.94789231742321,139.18108946171716,30.61681249115927,81.82488899515441,6.1662751103175495,235.11735471348777,Banana
150.88940700698802,93.07228430106622,186.60356750457566,25.069374868438075,90.56092612966398,6.191100400362511,297.7681082607326,Banana
148.32320758754352,99.34479726941487,175.45693612057366,26.740234192293144,85.76789958573916,6.988203459217874,271.5061215503847,Banana
109.73668937912211,85.3185998404998,134.55795858708132,25.048875833162437,83.06961938053999,5.852131632587457,263.7738541040943,Banana
133.73306088457656,91.37618469769086,100.05979388347953,27.154734050182835,79.82330428615523,5.8503510416029165,113.63732395309253,Banana
118.71242704105018,77.777478494281,129.13610728377444,27.921763476304037,82.53733760694377,6.813857387499842,281.0597998021031,Banana
149.295697165586,66.50779751578023,110.68007040023636,31.673820155674665,76.20453889800595,5.9464754163524205,159.61324023400084,Banana
132.04012861402148,58.214342163620465,178.3161430923697,25.857485033761925,87.69813318306325,5.685769040058727,114.10712751859131,Banana
190.94295036858765,59.506438315935284,182.1250154559704,28.81241609774995,76.5571303921754,6.933172287157101,149.3922333983785,Banana
185.96453453526067,58.44050028922821,185.39428821418528,25.09260169033706,85.23560913138961,6.6541638691323355,286.95910349855666,Banana
190.92021362064872,90.98124347738224,188.8191349661304,26.394537800859535,80.68368591423457,5.933452787381587,175.41078620033977,Banana
139.33206703851886,77.22776623273377,115.98797633664414,29.838726646501925,78.35133078609013,5.965462723156821,200.66902612123081,Banana
179.64405615234773,86.97346166193637,164.55343564105223,26.09041282406119,85.94090691231156,5.631169752699829,175.47263535933016,Banana
141.3516530289959,51.99057197228769,127.39880994699718,31.689546270865424,94.07265215659379,6.028490581378809,108.6200217896648,Banana
117.90949393281815,69.610889671677,194.77796979692297,25.988393444760295,90.27031687336424,5.663023809062038,296.2515154782553,Banana
138.1616499109135,88.7617269449528,134.25910828111319,29.39368214011166,78.84032169480074,5.719031528945444,287.61282791362623,Banana
191.76472779044335,94.37344701064413,162.54334501665934,30.657877478513946,76.38073873822749,6.002183562836018,162.74062495143124,Banana
163.56453219526134,67.79788867353203,114.85067816436808,29.175269527894805,91.28767841338163,6.07318524168996,126.45374301969633,Banana
119.6688197312823,61.8741652584692,129.98975929945362,29.499565493544164,87.01890969075438,6.544119792350559,172.50039690630263,Banana
182.39976518799784,60.204383057788014,146.9040747518154,30.606571050790013,78.60317295465238,5.664794670611174,276.7367935375979,Banana
134.29296627591958,84.1935062454516,102.53486042639385,29.830328218866146,81.32202623093941,5.583611280381163,221.9625523096234,Banana
124.08038160731732,69.340362102594,108.05808122865136,26.030142757664617,80.95954470991687,5.634639250840236,282.16525293726306,Banana
100.60470431839784,74.19301094321557,112.32474581325515,27.15375362634564,93.52119119636531,5.74254182991098,293.1664639436665,Banana
120.57943769894217,87.07830542334148,154.66772648973117,31.191351093177314,86.07986511006261,6.301838828734463,139.09160007367998,Banana
116.62293620516587,95.82445755577571,132.78381988500342,27.60457578474027,90.19647316856776,6.008235223634211,290.4124893278006,Banana
173.79277689988004,79.871462128671,188.08951605447527,25.34724135844638,80.14125384378417,6.197554501331365,145.3957078943042,Banana
174.3905187302152,95.96040155268625,142.37701199309234,27.394928200783266,94.23101464275132,6.167278649241311,197.80968008985664,Banana
135.16498723419053,95.47742365060691,156.89554832818507,30.335222110271513,91.23613436701773,6.012773562875887,186.73886626407602,Banana
184.84717744062647,68.16276758379051,179.3935133451851,31.586946258021058,87.46420746136013,6.612440931177833,261.019462408227,Banana
184.50396488966425,69.7526668928398,105.12634591759982,27.813133898657178,88.47512459568179,6.17552557867119,249.7926301720797,Banana
135.6982429468664,81.73720705520148,118.64198048539745,30.245586056514696,85.91391937626051,5.806096582819901,158.38223469956145,Banana
174.86087085818323,74.13006178307603,121.60314403930722,31.770898332592083,89.30250039633776,6.935702248809694,185.42100907206864,Banana
147.51003406917204,94.89776080925097,152.50493402453847,29.95095238333967,80.0434575499106,6.170089703053961,124.68997316207103,Banana
120.59800358769617,50.04717076338155,103.92650516486603,31.840986762238504,79.84707390273525,6.494966064256003,267.8199397599223,Banana
155.06604592365642,57.65722500419781,172.81164373361662,29.20175987069708,89.6250117869475,6.6546199342856305,295.082073536949,Banana
157.356328002671,67.0820556345301,164.8464556900237,25.479084964698384,92.94794636643172,5.679071517007295,165.56856757716366,Banana
181.57453806261208,79.8656189165356,139.36355202774422,28.31404961562515,92.09094786404361,6.010006579089838,273.9299369624342,Banana
108.81344309766915,88.83992186043153,184.75476330547363,26.27272356986137,83.60693064744402,5.748249661995484,241.32082579884354,Banana
153.53477680616567,81.76616733541604,119.64869669562111,26.482221034366937,75.82994651019813,5.983101302793594,211.94893226673497,Banana
185.7934913997329,83.34637237293404,143.53963233997513,31.671840800758964,89.38490401151664,6.895247804293825,205.51759465443314,Banana
125.89042747931396,52.6413343182361,172.60848514838506,25.849120986038738,81.05550256543934,6.298706361825846,212.88331755594953,Banana
160.0583196987136,58.31276651748503,137.97374048216489,29.320359589818768,94.3963772926757,6.591446706549533,284.5207514187916,Banana
176.2212058314177,79.58584844462003,119.20233691363445,29.666799563247594,87.46759131919814,6.4037037556859,197.95717359764814,Banana
152.86566039892756,66.7221263559052,151.9312692642303,26.38289133974935,91.10348794720754,5.7786654320480615,116.99325797789328,Banana
143.62460263571575,82.91537197530309,143.77168249335415,26.93727892365916,86.16342367780882,6.0205035031183,286.5735380253266,Banana
192.2645139603572,75.11859099860477,132.78839940182584,30.159926897696472,75.73425886966133,6.212153509065477,167.2646788540667,Banana
192.05358851025545,50.600151363634126,155.2814875718349,30.184645067466384,84.70035975048083,5.628104545244082,294.49227800558043,Banana
151.80104313760978,80.70931221595058,123.66097827075073,28.384486595747628,83.58298983916643,5.6123437630029755,121.23207070949344,Banana
183.74725196187745,61.990997610329515,119.49582714986306,28.534380158750974,90.37494262725026,5.592919777868482,215.36158392765117,Banana
111.92104428405733,51.82305254128092,105.27439521622173,30.83914875745909,77.35944967256123,5.567727046618438,187.57997742858245,Banana
184.39934719420248,63.1204188244651,142.17126175259165,25.27945772794626,83.98157028269752,6.366419620955701,214.18141075042894,Banana
133.24266921743651,65.77665903315678,110.66236189365979,27.56758824452388,76.9898933774593,6.649893917068077,293.25485954963716,Banana
197.0074456666707,93.25355496876969,160.0792149339619,29.90605988070716,80.70411605360829,6.4461556302589305,191.1299098879755,Banana
148.20173397769327,87.88882801875789,128.19183555972518,27.22627728186164,93.49283582257273,5.5843364422764585,197.12685968266808,Banana
191.28008004078617,80.51815039090785,154.64070742121322,26.748209254605488,81.86550978128896,6.77807262370704,211.84362635369163,Banana
151.474219375678,54.97898567700145,101.60281564551231,31.745796320809344,82.53972334573683,6.404819593149257,115.943014637457,Banana
168.31142857230464,96.62833543529806,157.56652529974195,25.882807256627874,86.63443054946953,6.649520819656979,181.28330731480372,Banana
187.98377479414677,82.43414766786822,189.92489182892024,29.36453717873136,77.62575944009649,5.964537566657784,140.35898965049137,Banana
190.88264977168623,88.02000336437413,167.63983689100058,27.106764237421352,78.68089544100427,6.634676631983368,194.83158917581594,Banana
122.5789552150629,80.83109890826375,104.0333852138452,27.283191778897773,84.3711398918227,5.721937501164109,296.9308955181679,Banana
120.90973645896142,56.51765650216328,120.35348738868964,30.38342793211807,83.51011318543685,6.348123909628807,104.20183139727214,Banana
103.44313085733145,72.29127749135081,181.66552432016235,31.196672150952956,76.73413135191281,6.307544653151535,282.6459372558541,Banana
138.79727543978862,91.47829157141842,113.36956543994361,31.54776142767459,90.02846635062605,6.912001589180353,235.3234467105013,Banana
136.3403931999427,96.90905862623612,127.55667763091785,27.325207654432127,89.01616836003481,6.647974449288079,285.88069676983076,Banana
120.48024090562095,89.8999017609612,173.85460533969635,25.446561893775186,82.74446282420413,5.924148185590148,160.8980848708061,Banana
198.29468795547007,82.1388706739964,171.76761577934997,31.836323461205065,82.54403564915278,6.702760252679209,186.90619266089908,Banana
186.95336718149798,59.03287706556516,194.76861770642796,26.53140195887616,81.52441013961862,6.634288351160171,178.75102831308135,Banana
160.82113767664467,72.22867505347142,174.2369937089782,26.598318766580277,76.16915974473754,5.949894096209599,194.86173297368606,Banana
116.80200521926785,67.73986448281943,139.99830182935685,25.401742905817915,86.66614496368409,6.826515141956931,130.34858259061048,Banana
159.7808013401514,83.23696024554232,141.93346804192885,29.90768311154989,83.21463086982024,6.256955931966152,101.4706089108854,Banana
169.17201141346888,83.06713394723621,103.84008773263446,27.577750751765933,94.58063681583334,6.131104843852925,200.38908102636833,Banana
190.99301581597186,85.86309379328782,158.20701311242237,30.584632769387508,92.28732532911947,6.1853321076059,195.0216729863671,Banana
69.30254678259179,49.001184200553816,67.88665017161401,24.665784529664577,75.88878869939055,6.461119881672536,33.594238302810936,Mango
77.48586275816555,32.51492836927106,75.109976194505,25.631956828875097,74.79393828476549,6.615377382370905,31.82628790168363,Mango
98.59226506627422,35.378457323096,51.6350741692633,27.755254735914065,75.73573350552468,6.109806248770127,49.084549560837544,Mango
56.453562346544075,28.93578195170634,71.20192348160174,27.773010921562094,56.8244481108062,5.832369999219498,66.59118456379738,Mango
96.99621864428545,30.29080137770073,79.5249630381854,27.88184364612285,55.37491754870452,7.282280183587019,82.54442164185336,Mango
85.48356717522623,49.51134749627455,42.00701401279896,24.773556478300538,71.61370224388268,6.063650006590944,48.03767461876238,Mango
51.968093990986475,20.655401359586055,70.97942412479163,25.0754674189564,64.03161847913452,6.711793630358966,78.54397507110579,Mango
51.35533261681166,43.50504507763726,40.42052898166614,30.095119155019873,76.79913481364369,6.365679842114345,91.94280913722478,Mango
73.84916963088268,31.676258558703164,75.49698141481441,31.151468085359923,60.07449093924603,6.730139508029396,140.86344526823302,Mango
98.10292494706758,35.26877121266143,58.11299221137307,26.229554527428206,78.7661561957123,5.785628608945735,97.47869700596563,Mango
64.12751337593194,28.3702487104339,56.19874349504754,31.990343486525237,51.64898920519466,6.657083636407063,35.32151975440965,Mango
57.72604149952595,33.186888253186964,60.41840525385766,26.070339266916193,59.49371392623249,5.673934040511866,62.902472980531314,Mango
98.3279219690272,48.34122145017445,53.3951316054794,28.566831490230093,77.28786173332833,5.512367645281794,126.33544629219898,Mango
97.41847763944594,22.739772030006712,46.45790744131684,31.685970422170843,66.1262043092104,5.528393268943447,57.203999845441146,Mango
72.49718371344298,40.787267330743035,69.32641512547198,31.96337210340365,58.62533598151277,6.576440203736951,91.66544348245063,Mango
70.28226297236188,25.074856815272604,79.09826252735371,30.826537493332687,64.94999084882711,6.70649084536806,53.407631694957786,Mango
77.18935351958734,40.84910399364428,60.60668113546355,31.92228136467953,68.3402496874318,6.241947425184338,121.51900345197977,Mango
58.523125579082105,31.535474411187998,53.87835801510343,27.454456760862218,73.45339477786179,6.4683460643268145,124.25180628324534,Mango
78.82444515699329,30.26208303972666,72.3991497473389,25.906317364424734,56.73148939399387,6.5090058481096715,57.60615574526111,Mango
50.454351747560814,39.44892581896404,60.44375285889592,27.56414251594529,79.00905543854947,6.642398367925828,132.92894722367305,Mango
56.97251181025801,37.07619389388283,74.71918506923612,28.664846058239185,71.54042534381004,6.244087135624415,36.55618962963332,Mango
72.89501475635358,31.834381725165727,74.6824072951579,25.95196241881978,79.00202682605324,7.416276239608992,55.95395538392984,Mango
67.40259777386602,46.86667222621655,78.6648888358443,27.547512822688354,59.62991136922693,6.552188026503084,110.97115079571685,Mango
63.673725768748994,42.09419523857218,42.06629428458564,24.394355942115332,61.588631154366354,6.206946384121441,64.45415192089403,Mango
74.5509881334455,29.62200746934714,47.69031673872368,26.475756392708806,79.24712818430704,6.322226833989697,80.58909710729196,Mango
78.827249497557,49.5002230524268,49.66405105743052,29.45025688425947,71.47954080625172,6.714648833586132,36.072292454580506,Mango
83.84361379137883,21.922841331085266,63.84570598199588,29.91664941777394,56.329096718598514,7.183244015085548,28.794225691625535,Mango
92.1906431829153,33.80987151928295,48.70351759726578,25.070225159951743,78.59921502747117,5.645331175162314,49.88667749199071,Mango
67.3911173716523,38.60704546883362,61.792043411043934,25.00514793929851,58.69183951214644,5.977503542172048,51.69285681129267,Mango
70.55721682399935,41.120943577749706,48.69811728868944,26.93343103762385,61.72752280523487,7.45291305887082,144.3332946098836,Mango
90.00687913760379,27.249767624575554,42.721492563666786,26.535233101764998,58.00383648301492,6.511851600292788,122.21598875847414,Mango
92.91614694394289,45.34592256231525,54.38702244892271,29.497874747685465,59.3850259257266,5.621811086470365,112.69565820036779,Mango
50.491377628489396,32.275477623754654,53.17517077208303,29.54702030815082,72.98736418281138,6.1081892719425674,126.4533768056067,Mango
64.69583802524669,33.38979079959684,69.08074108056536,29.543361833798308,79.621054169366,5.950322048431864,107.7897391924478,Mango
80.48409541378888,47.4529536347009,46.254485665795,30.014385308695463,67.04805848806305,6.049331739575811,84.30436426839677,Mango
66.68882985348989,37.37940208365383,75.56002443258663,28.554439875297618,68.95167254979752,6.537495694229419,31.395688305684487,Mango
61.64292784380471,34.760051882962486,52.409411349788186,25.454108782089556,65.12398525755314,6.145619586895701,57.26345539667684,Mango
73.19927087201904,23.998527742465193,77.1098293230163,30.94161678335391,71.22861757221605,5.712427655176913,121.98465680871163,Mango
90.39786640545094,43.03293853143013,44.558635484769646,29.151263656542117,75.02974387248196,6.654706802439335,105.80092190351112,Mango
72.91817397131531,35.86121959652158,41.37507433406901,29.111704175786276,52.443416386734775,6.370029188680447,61.581887208425975,Mango
77.27139751058566,24.002490065696215,67.66573607893272,30.360092295427762,54.900633492294695,5.708626174703764,43.18943534841989,Mango
93.85637809492508,35.845677852690685,58.6904398403001,24.853694552818833,69.48668020270885,7.23599918379018,128.52323366543163,Mango
81.30273544904006,22.258361499550208,44.495881087040516,24.3944718968786,57.72437649477408,5.7713229343207555,57.50600503155424,Mango
69.25290278594808,48.28948352213407,64.41504239126769,30.6797902854637,71.31054502136996,5.725006261053263,116.9900507967436,Mango
63.754944077956225,39.17323540984119,53.63847894571954,31.981378106117273,57.906544384903334,6.058260941548539,141.33403194529978,Mango
51.232220231816136,40.90066963619591,69.01305562943513,30.691028619283195,79.23317931915426,7.451203838313305,33.15959469580799,Mango
91.09196613764513,39.38929800972144,65.89368537492365,25.02679941291756,69.5056149933696,7.464965161202496,138.97732119243085,Mango
71.95653304024253,21.19843919858283,54.491739600008195,30.61112249280444,71.04497304395498,6.418687311187913,31.887691894853887,Mango
71.34473639116513,34.07074819153651,77.14222131576544,29.128688828657275,59.34958749963947,6.5506365289014425,33.25691347777001,Mango
98.62841178248684,30.80179705792178,59.114694196525434,26.84227179389538,70.475351903486,6.824464316659186,114.41528881614195,Mango
63.407161480596045,29.47005443492198,45.010049243848314,29.2440797747689,51.193913820069575,6.695364671046918,133.71198560645422,Mango
94.54160741448167,33.471132811098855,58.37214752852295,24.615753464064138,70.12295076329107,7.142518840745691,55.58188182558913,Mango
71.06504408166823,45.16518010295811,75.08481870649152,25.945439842113807,66.51711903624093,5.884986301271654,37.73484551744457,Mango
95.55602506959788,44.615225126963274,70.40139607212696,24.390130550505123,75.31186378130772,6.376088151810768,67.79939041198246,Mango
77.32381805126883,22.740597281706677,70.26586197409596,28.659480615106368,55.597702906195025,5.876464399538091,48.03108144658428,Mango
52.8501193775967,37.63395348115054,73.61392710354033,24.139985711899108,51.47013934913821,6.645540553373891,127.43696067325654,Mango
66.33694452843167,30.488431964231665,63.85385989987104,26.193703112993177,50.79825098233052,6.970457036203192,103.20623911768163,Mango
79.03779995278296,42.250523869754694,67.0092335024815,25.64705590542657,60.57443140830053,5.75222028335725,41.23212667723513,Mango
83.80978731782696,45.75800320947495,78.50930335444556,29.026776940395557,55.52303970082871,5.711300690897861,126.60637144209473,Mango
78.93782381799997,38.5485506304116,71.25848355018837,29.626217821859612,75.0337475856829,5.6124278109197565,118.4400795933131,Mango
92.54263786610477,28.58405127374943,65.61789095973012,26.513296510695778,78.73913199447362,5.566847144871008,97.47410547911937,Mango
58.325177352475755,41.366606155314756,47.035611336746484,25.883066095186862,64.83112433137273,7.329669899993756,51.464296518496354,Mango
57.212001055905176,42.76930495562092,60.024781293357236,31.294280899054172,54.39843671479527,6.791855786046079,54.109893268976876,Mango
57.83802143258197,40.50288245471812,63.74738479634933,30.03861966689865,59.28387729338547,6.39594331276438,75.6839595413023,Mango
99.2044731983257,28.767468702181638,51.79268953387067,26.836385670628857,66.93782243870965,6.0046454885274905,139.41124254740924,Mango
63.284278243313175,46.87447194680584,44.139002545863384,29.25250161919722,77.20956555314731,5.8374988767964595,146.04087001240686,Mango
72.64416802077558,48.37145325323073,67.07280174520187,26.41269495898841,55.649075747513194,6.107470092450199,36.62717615783437,Mango
57.19339831716649,23.139813210394436,56.91774174966231,30.36462701006069,54.24150662649021,5.760640866344672,105.42861868966635,Mango
59.859149098403314,22.92830114326975,46.67394312822311,31.389851167014207,74.64413758328573,6.208129124710188,106.9775959159241,Mango
76.8637836834019,40.31372790447692,67.30684609851038,29.029872120479943,57.983041056119255,5.578012841525636,81.9458477487636,Mango
94.54869423453519,37.08491775555728,73.29564166807631,31.932994743689825,54.90848612414829,6.883555278283964,109.28669671250307,Mango
98.99777236791392,49.56802201858401,67.46714446896519,25.948918335857556,73.95667514391798,5.714058268422076,122.58741302145359,Mango
95.50980620723482,31.485001843053055,65.22541179932321,27.44114185677461,63.13295164964386,6.1207417782162405,120.26620255629058,Mango
96.80882820832525,48.22252577703384,46.991251394997356,30.997949197252527,72.12294324281366,6.005674801380579,33.41057661518932,Mango
63.3998633442189,47.36624710344577,65.32714699583089,29.768437287182977,57.71457053327288,6.93877631114964,28.515188284740468,Mango
68.76606728865069,38.802600456269936,45.84386262165281,30.58402859557548,57.050938964357556,6.804562225636893,75.64964282191622,Mango
79.80217977388236,23.223516578867244,40.67651199686429,31.27651541904241,58.08890026301548,7.139354005560918,149.91878755902502,Mango
60.57156289994556,27.955122235500667,66.51439150538663,31.72358907680497,77.47443044572232,6.50575104013117,124.38878531584058,Mango
56.787292654995056,49.32314552612037,78.57412936143946,25.309831663033368,58.9826937440932,5.700309995013534,58.96469986227246,Mango
90.79778947076034,31.349468214957785,43.53587868587034,26.737804198231238,79.4415000272384,6.759367190518406,77.02011830076972,Mango
58.3269256748635,49.585303918510846,72.83396037052515,26.251818419607353,52.102060871635686,5.613251114755116,40.04726868819173,Mango
79.03842918072108,47.862902636164776,59.86973712023938,30.743563859649576,63.376598595794235,6.91716709153565,116.48409216081261,Mango
58.69818529516694,30.836481769274354,65.49208626152095,24.56557286547493,60.8462056328887,6.569598932562385,149.52806163057983,Mango
73.72667813112204,44.48170271342971,57.28269140266471,30.37112578095767,67.86244404860325,7.273190883004797,76.36781904376375,Mango
80.21522099107395,38.90056041856482,56.69531767201893,25.15449634949985,52.80678220737007,5.533343101199266,134.19178303065183,Mango
61.823745611934726,26.34520247845304,69.44141601704263,26.560128904699134,65.1813407723551,5.825022130594912,144.96821518274615,Mango
92.57907000086186,45.9136886889501,56.27094994288021,30.09888970965738,54.3162846616934,5.517238005183561,27.496616572253515,Mango
79.33008687022803,33.661847157438224,60.72061395634079,24.059705123337757,62.68059858972277,6.936136322401722,80.33671274592947,Mango
86.61096031561112,26.990568931905045,72.52568017926902,28.707449923627617,56.32289298289719,5.973440951707666,103.50380807119213,Mango
91.49697966062217,32.468833460874656,50.33201716510369,30.936092855284805,70.07804875252505,6.396170974566153,85.98752440991274,Mango
60.21282339681982,38.80407890194532,54.349700421715546,31.965161413394796,64.40550545785663,6.471771212379227,95.73147342633399,Mango
95.83780015593734,44.02454299579251,58.04520279191365,29.749594127782366,67.58706496342285,6.484734097402498,49.03947159804382,Mango
73.19681317274454,27.37455761067724,76.59368599406619,26.683254507970776,78.56792043600117,6.566110580189422,103.94304733452005,Mango
77.14702222446638,23.881418509001026,55.032848760317634,24.79316889822099,68.68862132550146,6.393748390400878,122.24812144636711,Mango
61.02352404996849,24.936981752880047,56.253289238550714,31.41268306574705,71.31265445037235,6.337847249585837,89.65902121928882,Mango
54.210650558854915,49.5372768912834,66.65629218779677,26.283232547707378,67.57425182645733,5.718964732137988,145.72958360094793,Mango
58.7392493941683,39.440909541656424,49.81817850155721,29.740491061188287,73.30464101720844,6.846839457822865,101.81243253189906,Mango
94.62345469760058,22.358801329692742,53.236590631207804,25.98629983704677,79.64041886196264,6.278779559333747,116.57658740504984,Mango
84.23625819405024,26.362437124321332,49.55990720846205,26.25027650842427,62.333818347781374,5.968650131301054,27.456435343355977,Mango
93.96965284035977,48.96829494142652,53.66281548126272,26.70805503540378,50.21275438323113,6.860501376660748,128.1799869685786,Mango
57.33041501800016,24.78999048101452,71.6033299988575,28.930325986833157,51.34581672883151,6.745093980924564,63.61471535547076,Mango
68.4362577735423,43.0919425489064,72.43740770690442,27.202853014718645,78.41458808019064,6.312925435904145,121.47950440376374,Mango
74.19386322821296,46.925969795662525,76.31044974600715,24.69933446296867,78.09479993930677,7.151069683040832,123.91383928908336,Mango
60.04556698427612,44.153576262639945,74.00530938740147,26.313202675633207,78.56780235086971,5.599720292798328,43.738656655892456,Mango
76.87905690257571,37.27377413366929,65.80600333203614,24.13575303452373,78.81100323866391,5.589176185468288,42.8827440904253,Mango
50.70072587630285,37.00575299882284,77.29067535683889,29.327577328643713,74.67972405441282,5.52656240691716,92.75191230996576,Mango
72.97814887527609,34.96903832662379,42.888527413407516,29.47548288855446,65.09661244575904,7.030297699722528,85.66132925771441,Mango
57.4690818113216,39.44770862233466,46.89545448420665,30.97915650683852,68.39348717207724,5.8144077671139085,145.29225718515085,Mango
75.91827316676603,22.18695355614965,65.07331617660269,26.02559125610248,74.11080355631907,7.135644147132381,147.36841948183275,Mango
75.0934765512252,33.648706391832114,70.13902421785923,25.059765250735413,66.40746541379373,6.592495200261702,36.1841403512984,Mango
70.89920427534568,45.59854395701606,74.24614487978641,24.79390131935745,52.72162648243493,6.02539095400387,134.34575781924917,Mango
56.44512925367495,41.599904078823386,44.04662478452413,28.9851028299826,60.682018973574344,7.077827925931734,54.21130610317045,Mango
81.960091469498,27.07047603727655,68.54641132448614,30.98942427648599,53.8040539738028,7.233191377191007,99.19690680178724,Mango
56.3555245433512,32.82625566079136,46.43441173940391,29.602783110932556,72.76604403253849,5.711593040545598,88.26748158683054,Mango
90.73125280129585,48.08489124652989,60.540714669670805,31.602233788891255,66.07066911368089,6.2883809891998155,131.02539106911195,Mango
74.64913552290446,34.15707531693569,59.612499576393134,30.774280014957963,74.95824625064157,6.307039984880422,66.66248248381564,Mango
74.59640120195647,37.18317529211327,49.53348842511988,30.351640677724724,64.59448297197268,6.16809109683992,38.35262412049883,Mango
61.94225802018035,48.47843515267951,52.203987472781066,25.350874314936284,63.8201837496498,6.114175486720497,29.394906283899267,Mango
66.15726086397086,36.32325871818406,62.06849488079868,26.85247136941511,63.41908268757802,7.431035836469533,72.16855965378895,Mango
62.91134066299915,27.304011322002804,58.31058450816536,30.07616118973555,56.179645525654195,6.918592254281537,27.643727918677037,Mango
70.9466488991973,43.2759519560836,53.549318230977256,28.509896811563195,56.14937698477733,6.983990782252345,31.534887908594953,Mango
92.62713224377501,25.945891592650042,74.97592126833322,26.82023393040414,71.6805072342346,6.138450595572377,138.23895890433096,Mango
56.33185627591872,25.35559367817796,59.72120500635209,24.65550751230517,55.87940554105286,7.387532764424028,147.0612076434859,Mango
68.81296646652109,47.698580630418064,61.79298702693727,26.157939726990136,71.07196163241795,6.817803613149715,148.6406648885917,Mango
63.252364370464164,40.161785079852066,42.08095020117788,24.909168309573754,50.1175512485328,7.498921362119346,125.28421214343471,Mango
89.33615073667704,35.29178225864539,52.0026833162176,25.210114275701407,58.540242165393906,6.251942443858278,119.53876212253675,Mango
76.98308944515762,22.32450879666448,40.72116035835649,24.818657436272506,62.314961410921384,7.366385834098036,104.6753101511527,Mango
90.09129499377576,33.99123783513646,54.46664332780171,24.86720298173298,76.27799066558615,7.066320058055806,46.01476219971564,Mango
75.61302819381302,34.62124423763735,65.00366210746114,31.56949515193009,67.39314325287438,6.580434533557237,31.290366616832994,Mango
53.1453738009012,25.620403739803667,41.298830867669935,29.9468231645601,71.6999091198189,5.772112468863286,129.5098625994101,Mango
57.7393017423056,29.035267609920766,49.9590759664546,26.97845678858438,57.63991297669885,6.477901852876904,75.92598516933568,Mango
99.32847453896633,21.67779050384677,45.68725505549406,24.42260715126882,68.77523584947127,5.609018554827439,129.5549671720154,Mango
75.5969315340964,35.81022873744601,62.46378030848777,25.366509650449686,55.93070909343463,6.13763464574601,99.18705197773143,Mango
60.505888797010726,23.489951813997838,78.80467545673729,24.17585451847698,74.08092216008065,7.076070299150044,62.151764230637,Mango
56.78133080036567,24.3688594011627,67.8972646894877,29.14245272868939,73.4823702275416,7.37496234479821,111.490920408324,Mango
57.79257682757218,27.30327850296232,73.68774923492458,25.674448606673668,52.17566950863444,6.906560108084501,75.31579443626777,Mango
96.00200262729518,39.507652132809845,43.61675911166643,31.582852538029286,57.756717909207374,6.174424980812572,75.28255171044276,Mango
52.56121482021566,34.89546266691815,44.932739643011686,27.207762613506816,60.52129363976253,7.045680166853007,125.3963139540914,Mango
57.6706441194544,30.996535621376786,54.934126441273264,25.21128355148868,73.95360515153571,6.914456656670847,48.797723287129344,Mango
68.33609542968995,23.174150745695428,65.12826388372176,24.97097539638896,79.57802505874753,7.061364149375724,73.77981869799939,Mango
78.92819661396771,47.34025448649226,62.163971215833044,25.39598789118364,61.36110066743478,7.186289730059491,105.52662699870224,Mango
82.53621921669001,46.004644570654676,75.75892229850018,31.35834057423549,52.84547579759468,6.588252003926202,117.56369015228982,Mango
87.84634225635068,38.20148605910012,46.671493407346965,30.379364431533315,71.60334000544837,5.672271543098073,82.97622808429703,Mango
58.69886997609018,30.124311371389155,40.72324368822742,27.202638947286065,66.49630763468632,6.739165185654174,107.93629314108875,Mango
91.814565655123,26.4638872182719,44.81927289753872,30.812297375183405,54.6983844467795,7.449520162672391,130.31727867482962,Mango
75.04383029447996,49.442642747660756,43.89506916432017,26.424526089400814,69.14673245121834,6.2000137369463575,141.04656899759897,Mango
53.281304408890875,36.48235496182893,63.63465069580458,29.221824990217794,57.669986699954435,6.229132855039729,130.4600662081222,Mango
59.74713844850799,44.80603541520086,62.50621691610969,30.097500089552657,71.40822098790414,5.915022990769758,96.1015920542341,Mango
93.38615764025462,32.963487104057876,78.66363080893267,27.617720800813743,54.283569100036544,6.278869360155347,143.96280079881714,Mango
65.98604246699271,46.04294479601188,75.25002726727558,26.801492194655687,52.49772974151897,6.949115818317637,63.93903737674825,Mango
91.3169445703029,43.279645447812996,59.41066969370486,27.779094067485367,69.55908327654069,6.164691017984372,70.09523750156977,Squash
74.6936206110912,45.77839730704378,72.35197778004603,23.61768311922566,73.10636801344342,6.506090988163901,61.5551557042924,Squash
71.1009121960957,58.002393810703644,68.94138293324355,25.77186676223309,76.1930013605153,5.543949164655127,89.44823724493574,Squash
80.38035492896807,46.372490393383075,54.376953073232684,20.81473897712942,64.8334808403013,6.926117069819007,72.69596498167472,Squash
78.66732623323458,31.58129369560317,41.502649181759224,27.171814470467577,73.45236660302778,6.2630589763244,59.449962433813496,Squash
89.79002926519689,35.04709737325476,47.597389746440804,24.607121713482755,67.15699655279852,5.871194471849719,91.61901156426653,Squash
86.03886980874178,54.735512093997876,56.70834267891904,20.730850910261502,66.84165962303643,6.970008194795225,87.70068601861617,Squash
88.3894833920408,30.220734888762436,60.728229287300834,20.375286575318032,74.2307553022862,6.8811562744541135,117.47353044003263,Squash
81.62210701555696,43.74614415756648,77.80068376993975,26.73609831996695,61.62248198846024,6.198588366501246,59.21960147714431,Squash
78.79217285794726,43.66396716019085,63.28579211258968,23.567704903492512,64.1067612363982,6.255579151884934,106.41623074766096,Squash
86.5604891227041,40.15103597775648,77.42092091035428,29.12207571249182,65.23370998460247,5.559126377680545,99.30469666806098,Squash
93.10441045396612,59.03593697854066,75.59345576353243,26.005347682064148,73.25130848030952,5.5417615768938795,59.73251574758223,Squash
78.38459006931706,48.855117002507036,62.290073332736426,27.426359896816905,66.99417327217603,6.34742891147871,47.051379471263374,Squash
76.54662094332828,52.504824988638035,67.73603413716177,29.90642737172179,66.9472781496939,6.247283948760969,66.36243310191973,Squash
77.62412456236699,55.708503896081645,67.36836300753947,28.824411913475817,65.08777770829717,6.810041676762157,44.780981934270756,Squash
95.5439712174861,39.87221338382184,52.58350533656266,25.12088576698664,83.51725469308079,5.571672047022108,68.17847800565963,Squash
94.26287954733343,41.881634323064006,47.96627590388268,24.247941813314117,69.63881253729173,6.873124302200055,100.95475005944778,Squash
80.20462222976025,59.65111700164714,58.61110125103693,20.582378308202752,66.55685804537463,6.154105720328969,52.55220993168961,Squash
97.90260505296172,53.00546693453319,50.731488017110905,25.90804533517916,78.0362289277393,6.911918393360197,110.53082793403286,Squash
80.60768904552855,53.239578593790526,62.4857901531034,25.527038900455402,62.868548958454795,5.6892064870242285,82.3626892017966,Squash
70.75446179916027,30.631107073814057,68.9135681560085,20.32486596690165,74.88192102760136,6.308790691190971,117.50517524622435,Squash
79.36852557390566,31.90804309133392,62.06751871225847,28.410961706161014,84.92123210703599,6.145514760533609,65.6238993997394,Squash
96.26613187807996,35.73726387228364,64.61715660131706,24.05714424180948,61.02705912388888,6.0209327114585465,61.218281800213965,Squash
87.44364615773947,58.46371493075755,50.72188749514551,28.114659391516817,61.383995423460235,6.307181515059719,45.64400509679157,Squash
97.36131964522556,52.990538416721705,66.31799644818369,28.238963816246642,76.18799488925407,6.9534165957614364,97.11663582918172,Squash
96.98634438328986,45.51395676031914,44.682576519274505,25.28177721423017,63.17182070157733,6.388740218764608,78.59944484221303,Squash
84.90301591331126,30.30140943164495,47.79361966621457,24.91330431912131,83.76258903972837,6.075413560532738,73.94976208429077,Squash
88.58784356026489,48.113782718583536,51.95704600393333,24.10816395567428,65.44249497143082,6.949032188695313,50.45075052458878,Squash
74.87347138265677,30.775169166600335,48.87117967734186,27.80471138380155,65.02938080722198,5.620095103793449,77.95625438756187,Squash
60.39876938938074,32.542984632789995,72.305034782519,27.714733448596064,82.8784705101224,6.781773153866125,94.65404505918545,Squash
62.09331429202651,53.485458539599726,73.82043243362241,27.990821457719544,72.71197588270066,5.849352757974223,107.62639805509814,Squash
89.08651238960553,59.422835231665545,46.22770391023732,22.25664583052055,65.29495374703757,6.688809651432005,54.95258371600946,Squash
62.66639319293225,59.956824197568864,40.99268845780597,28.352440601588654,69.13417103876633,6.762423189636722,84.36963929689159,Squash
96.06524917945441,57.7857895924388,40.36392725123104,20.754121759927884,66.25896823927138,6.503973124545253,111.06177572092048,Squash
78.3976780517585,48.20919348822797,47.539994111822445,28.049668338816854,84.18320278383675,5.902898399371896,79.58607612804371,Squash
63.44464442025495,46.774099693889056,60.111337673867226,21.444364841550776,71.05165532795188,6.001156978129845,81.74647002441515,Squash
83.42617341715197,30.254867358216284,70.44023931798222,27.13014291861741,69.15715965516306,5.579403903353227,100.39460318280403,Squash
98.20700641912529,37.20454788066043,52.94098454948151,21.838128894818148,74.423403083621,5.732262091971182,68.49551547691036,Squash
87.88052055737052,46.80347949028045,55.458502573117414,24.20249601807542,74.05277206558074,5.508797091830742,46.28078947628879,Squash
95.25032271052046,32.336369672738726,68.2721438484202,29.200381641090527,66.76709010754328,6.055737155589272,85.5137124675773,Squash
95.26835878554338,58.257167617812605,69.58252992445072,20.86619760854694,76.72885388837128,6.115455582808993,77.65607995928492,Squash
61.96593561380708,35.731864180390744,71.62054430134592,24.539588330478598,67.54155604077872,6.0760286109474375,108.35196106605441,Squash
89.95996069619828,38.169461915432485,44.70007360849493,22.519982216440717,83.01891127636834,6.372383256774633,82.67841669958263,Squash
83.85574398769846,40.98084797239546,72.28428081278051,25.2328624930025,62.91869756921989,5.693597687243594,82.94873172020947,Squash
97.46280872283356,39.25056365028596,74.78164675436872,27.640955865788793,66.19531107267267,5.554511122474364,48.14778121139062,Squash
89.13975735389761,35.9900921412194,54.85083682021575,25.01699166006425,78.13670421125407,5.669846834888688,72.50931242219693,Squash
79.40291636570782,46.22481191914619,72.73442565580866,21.716781950432168,80.19578629566556,6.5393176415449785,84.46966513591676,Squash
87.98111481610287,42.360532168549696,45.535903438724986,26.657652402653675,73.11680766714056,6.459062200814163,67.0399024822792,Squash
96.27466309359343,47.62109605726731,43.41609937163496,24.498039907044287,78.90890136859086,6.691201842598408,79.5677642211007,Squash
95.78990283325204,38.03005311582893,56.423947889530666,28.9859691056897,82.40641791178948,6.528569153237021,108.71844376977761,Squash
63.55093067824931,55.94984928623329,52.82479626200907,21.78331512428216,65.98424590855116,6.126952762020831,60.095360368357376,Squash
72.82270344065996,34.04935458214926,51.84707062235994,25.722838145420013,71.0463427022766,6.020078141853867,99.71617030856912,Squash
95.7403988557327,52.70367668707191,53.28002808470717,27.444421678375537,63.79950456185128,5.695476982136936,67.65016296289272,Squash
92.30809476176228,37.39044741726906,42.530136355947185,21.31709535206355,81.46862421323951,6.450674927120931,60.25609306959814,Squash
82.21183301312726,45.82738867276051,66.21743913762646,22.331875544216164,81.61007467985993,5.964052843120019,95.53053231809895,Squash
60.644985854888596,41.17971389682442,54.06839271835233,25.434844285830145,61.81840654442991,6.685197060589163,57.422464141405484,Squash
87.0815125952804,54.0963636973228,62.47507824966053,27.408832067219855,76.54650780537514,6.033294695728012,104.70868312268523,Squash
71.78805479542112,47.13638753254551,69.81590956566158,23.789559098125075,67.56919019043562,6.189019015259234,105.43707954793229,Squash
97.1968705258266,46.352502385796704,66.45864821294607,29.03273622238914,62.46367128532356,5.848117866799248,96.71200050012659,Squash
92.94977847649199,55.71087084991734,56.6042870741973,20.89339902291867,70.9445369324905,5.84610188531058,63.29571639972993,Squash
90.89070227350024,32.265812580776604,73.10324869922809,24.27669085824169,74.90159827751488,5.634478346853519,66.98872626858237,Squash
63.58803676059383,58.84631168643328,72.29046597305002,24.596327543564602,65.59006370809178,6.900182657874778,67.56772765815774,Squash
66.43937726749499,46.89493165361864,77.75096481379265,20.038302905003224,65.95312108134996,6.907671460615612,53.68687734857296,Squash
64.5297380655928,47.10561647399413,74.4737529317932,24.77109817693926,84.86410641711312,6.518757549306989,45.92599257683582,Squash
99.71328526727902,42.236827103405716,51.4961013538193,25.578791835778855,67.60768979552161,5.629686260680229,40.11426744633414,Squash
77.9833341168105,55.10590266679777,62.89260742520306,29.99207298943441,67.17116614118,5.920682597140083,52.77995681871553,Squash
66.56254353061341,38.555597880301434,71.71360181094109,29.05756790636448,84.37717924269204,5.848434481144679,110.50380364912733,Squash
73.13020357109349,33.385216335506534,74.80099702080662,26.361056346436186,64.11827240202655,6.144746886269504,62.980615590165414,Squash
89.47178274840788,43.60248691872804,79.5711978042554,20.54744982259595,68.87538165340617,6.222850250664966,80.25068437986559,Squash
72.63743289542548,51.87720747292704,74.98988293955898,29.38719301977863,80.12733441998816,6.7758702959598995,84.04362404959964,Squash
93.03552905707258,39.10511727443857,55.939150484368575,23.169130138185444,71.68468338619813,5.928369424357955,116.92891538035575,Squash
72.51378512022673,32.94133614332819,61.072686642016535,20.570990784451762,62.76357915771451,5.82908408379437,77.14801999057133,Squash
77.33003729236111,53.99075586008374,69.57898615536453,24.26318293990701,68.34260518939075,5.974703176092248,101.91960698352072,Squash
62.08289624885079,30.384649485318175,71.82177567706592,24.771463759890494,63.2720284638394,5.853348901891752,114.6003162477906,Squash
94.38011902499592,51.293551506719176,59.28900921349306,25.203236261913858,84.38111338209896,6.948655665826431,57.221523662866744,Squash
92.44418265221273,35.9172799850105,48.54149911535806,26.760930341645768,70.12502746468871,6.8973166106597805,47.120778791680706,Squash
80.46102563237972,57.55564591329364,76.1645464191802,21.565292134157414,69.16594250241141,6.428682100070044,52.751590781712174,Squash
98.72088688182956,57.44247986182981,46.678007161378765,21.211554612609856,62.135212070206634,6.864165496054946,55.48990478363686,Squash
76.6513971417742,43.46554096956009,63.9604417685427,20.717353437474248,65.6689654350129,6.897235580378389,112.67280858148555,Squash
91.2516258962277,30.582037368546462,53.08027073984408,26.27958735342908,66.87975529433689,6.864380042580666,90.71115694659535,Squash
62.876268692657824,57.27016766507109,78.31066632704889,20.777124183917255,73.30900587153288,5.955046423321256,71.42712611851219,Squash
67.18604871821367,47.34216306037237,78.31917412995563,25.03072600271609,62.07286453486203,6.4300020002161125,67.21783955610056,Squash
94.23700758365192,43.04034444949411,47.713584357689825,21.911056226911448,79.21910451802901,5.89838139746104,101.37867153273784,Squash
68.23549243066398,39.65059106103928,58.619478897587975,29.431958496934506,83.29328561884562,5.810307813133432,68.65752329944583,Squash
65.97597553815089,45.299552379404915,58.42330202778666,29.007601624507323,83.25013444477682,6.075351086510938,79.33903544151916,Squash
95.84944996584532,54.201234232351844,40.14625245378597,23.200595641835825,70.54435604840315,5.844574425524848,55.9657292716751,Squash
61.511380263827185,49.301091752092816,50.50041161932663,20.52347178431313,65.77448276320159,6.70287092925419,108.11913453172373,Squash
79.3226498077321,42.48212011226059,79.11414774007127,22.005646595880698,65.38398207136521,5.9378007655545995,53.82058546248699,Squash
75.17462392816746,57.325026809692616,64.61391362514297,24.119465486122635,83.36026986428037,5.572696348713733,56.82209423214891,Squash
82.63554420407036,48.46657869579538,41.582300262504525,24.030387579071324,76.22884912077183,6.547105819605102,91.05119220130155,Squash
72.82252897443698,32.80560370793729,57.08449785677337,21.287544373680554,83.69059146301667,6.212756299033942,65.3807339485494,Squash
90.652162844756,44.93845777746792,52.401360960498,28.119677423908016,81.67880377502806,6.5095122494330155,43.75715379261338,Squash
82.65291520666128,52.89884735991845,45.46012048334329,22.286707513846032,82.06237762670341,5.530182582779611,100.21817102607808,Squash
78.95093170057692,43.40316476518821,40.28386129979549,28.19398230966493,68.99562251591416,6.311148446950814,94.18405490685275,Squash
88.10518305751663,58.67940176478217,61.253598129464365,23.997195509744277,83.8425906622927,6.463165352538281,63.85202850212445,Squash
65.05856981614285,55.27663504395544,54.487264111766066,26.60469721364431,71.77041048414745,5.7983946696925575,88.1349286896372,Squash
62.427322758027294,42.400273796135764,61.86459758654684,24.36046974118579,78.71680438127477,6.741887431817968,101.69944592265423,Squash
61.552517912472084,35.82386311337917,61.46430037055097,29.348220404438013,80.87391937630292,6.763801762527702,64.25665550077399,Squash
77.1779158831481,44.12117841947812,46.29486333399642,20.310681302444564,83.67257248651292,5.86106887849526,59.1959122978905,Squash
63.33516215075038,57.85523255831336,63.18948459759088,26.67036857125354,82.78942218157631,6.018430253351184,89.72058489104673,Squash
61.5519781891555,35.60317584693388,73.24983220359769,27.667683563383356,68.76606728642867,6.065215941661319,82.68435468428635,Squash
60.00964018740538,37.23733008114084,48.32927234432858,22.504829467497636,80.14764606333603,5.919510784819665,55.32170576401185,Squash
80.17053843172127,55.96935109118196,49.653988153499995,20.785362427927986,68.91011839624161,6.621477736847467,84.05524357558357,Squash
92.6717347829739,58.787764428277015,71.70649907006468,26.038030788437535,72.33353970130952,5.5601036295224,118.7457583051233,Squash
75.3392449030017,34.56684641750601,66.66835421585827,22.84288289095459,74.64445677327619,6.380151861766887,75.65838567222954,Squash
93.4447446218017,37.94901184666329,57.94530366470937,25.376921285909717,76.59061801918249,6.675957775758384,71.58458263026048,Squash
85.84187776386383,34.518328592055575,77.30592402169914,23.830588064210033,78.23803554941097,5.5305116228232665,56.41497143238456,Squash
79.48330177294312,56.347574031970396,61.09020599802709,29.298704822938788,72.09492241456991,6.235673645103925,49.57974308004255,Squash
92.1062497660888,37.40896237401188,75.9844995748926,29.10824220330396,83.58275279685374,6.280345733654635,94.16750278269154,Squash
91.14063520246654,33.930438559513966,64.03828779989989,20.342979013033116,72.43915208471815,5.732264022430341,54.63383407696678,Squash
74.60190266770405,42.97311500149509,64.92689698128748,20.744284184385158,72.59229403093612,5.773937695379652,85.91801400253935,Squash
85.49618449044735,46.70127769658562,69.5318204191323,23.356092442409015,79.12766479082828,6.14915062256229,78.73475986580775,Squash
85.92408509044286,30.550751519976718,66.15976885680993,26.185851490721156,67.746177918832,5.628691427349234,47.27483599304329,Squash
96.92894987940915,50.67837963677511,45.084104550829615,23.567231693089063,74.81207484753992,6.753357557635973,43.492874297040686,Squash
69.46532525880036,56.692469708861395,40.36662200735266,22.013991027938875,83.97560439932414,6.420102769783257,60.933709331000514,Squash
62.6796437758339,30.845740213416665,49.78980318547709,28.814858195889105,70.39784135743774,6.58050005374899,113.46280283039663,Squash
76.32161846411266,35.738321131121914,60.684717234276775,29.080836870598546,80.10936035344251,5.598744765044731,95.40582400620654,Squash
82.87590089835815,57.22389529039276,44.89925667401189,25.340361132046567,81.98656733779731,6.115035680112614,78.55959341862936,Squash
62.81842710667833,38.34430921346733,52.9802659667579,29.45122448744887,67.06668401352897,6.191303102904478,93.70435388514238,Squash
66.48733489631509,44.59327161425624,69.54156157903631,28.668552130270662,75.65648186656067,6.503580272975421,50.10267780676551,Squash
97.83105988985389,33.97722232453447,70.98691748727194,22.64816321778319,83.33982859253129,6.579939309054219,100.30509703826951,Squash
68.76236692239533,43.291199299054824,64.71252778357146,27.699736182066008,62.59898439780974,6.943547974681793,111.21765364436447,Squash
70.81394361982338,54.68280729096996,60.73295692159294,24.618064815620187,67.86085264528514,6.371452879947388,98.39112941628782,Squash
76.43731619851033,48.876575790248765,67.97251684621216,27.11121817015286,61.299152453279504,6.7896217085276005,76.66026518120384,Squash
70.49664326784858,37.25293522439045,59.320564513758015,28.868315394689592,69.45868954206617,6.624588620175315,47.74549847897749,Squash
79.04226808604247,59.75058421178207,70.81751211169347,22.10528488440613,72.53603684244777,5.85043714547285,72.76487418100075,Squash
91.20336094939859,53.13674445871211,49.12401511609541,29.222233181548603,74.81420456912068,6.069886436443022,80.15484646246885,Squash
84.20285013750976,46.796715955373564,59.456201421447126,25.049328040894,64.41029776069715,6.7190993564570185,83.34082559528123,Squash
65.24319446818812,52.98471304748334,77.29775913509403,29.47306899236962,69.22544331027932,5.703275310341131,81.47197013064522,Squash
64.50436917396883,58.01962255537852,47.343185094205836,22.52765859951164,70.16591317212426,6.074746702838689,103.57303139183112,Squash
78.25267282203849,35.12304780010011,50.68839581944296,25.09113385187522,63.68634793565337,6.417483513469021,85.25978452409167,Squash
88.58809265529031,58.13113846138103,76.49018244404623,29.460756180688314,66.11788992559252,5.697347959959032,64.18213603971589,Squash
95.80340691065258,59.16160423870465,74.37299804281903,21.100177211275437,83.68569995149483,6.1350370410261785,40.7448232609883,Squash
77.69574962992775,31.382075090264028,61.7551168464447,23.385540274370513,71.83587333985122,6.419755541114675,109.50408766542563,Squash
86.47606305887714,43.021466054345424,72.7771141468146,29.05582137573132,62.99399916080493,6.297899466329187,62.76095677939553,Squash
61.8824479150779,50.05640085341956,74.51083109836902,21.62902654477394,80.31034144059751,6.780093600305412,113.14723541331868,Squash
70.6114035634421,57.11859195569668,52.82651018945729,25.523380134555026,61.26268677080705,5.565821632553115,97.62985701857623,Squash
77.77919911911164,37.688771261076525,47.61653984099641,26.69953490859218,60.0100386006335,6.708836753795281,46.339968490394305,Squash
67.65958459632478,41.587091858972684,59.39434958864415,23.549951158139418,68.01780412460735,6.945874018109783,91.32637449947154,Squash
60.93731821469553,42.905277253329395,75.00034798975881,23.01456186410668,62.363908619359705,6.637577157384877,88.48110655488651,Squash
82.81250031306016,31.60729678822224,45.61996039182069,26.22549396213114,65.1955960364709,6.256105119622637,83.59053488235148,Squash
71.34028761083758,58.452754666244786,73.698564273423,27.223735076327984,61.949846660235224,5.659195028963529,79.42250766919645,Squash
66.42853396763942,59.34796390588422,46.340809361096376,24.87467835463974,69.10302642103764,6.4590796321811474,50.32291271115399,Squash
77.21265712169563,38.24115098421431,75.51006098686753,20.40585712134695,82.84318735016149,6.7494912078295,63.805657315265236,Squash
91.57162618708419,30.936406810162428,78.67462201173575,25.265949425897894,67.58202565163613,6.043874818892015,45.31242827683979,Squash
99.57398056168157,31.178758354520774,66.19628492591437,24.427359277064582,83.72290545471787,5.868999610460193,82.5669459150409,Squash
79.29424834331012,51.08599332150304,42.720409278096824,21.93789130023355,65.36412050232124,6.607226132262534,55.131095706139206,Squash
82.93967055563907,36.45731461502861,74.46499800335914,29.421854544896384,72.96232437355602,6.0284633263137675,58.72462200139993,Squash
61.991240060921754,38.05500228592486,66.16943119781271,25.336169313092107,83.60103195702318,6.094415893737551,95.50906738627157,Squash
79.57290989900486,45.37728647772635,50.7109725841647,24.549507768419996,71.76962492531769,6.5599637826234005,115.25119993488912,Squash
93.17285109930017,40.84400937162597,79.85180502002558,26.35569065719335,63.368811022638305,6.2604646062760665,118.79432867531933,Eggplant
117.83098868033844,43.94212077647305,95.01452959603043,27.635949091293476,69.07693127613823,6.040610994324729,107.96801399859665,Eggplant
99.20539758553493,47.46414738210254,79.72989972103943,26.633038432280394,63.781553075566976,6.400907730266991,93.93495590636911,Eggplant
105.33075669349955,41.989924523612764,84.16695752690367,22.967685297907938,61.57395350390798,6.027310895642393,72.2228427237196,Eggplant
103.55241080624893,41.784443361144774,77.23932251389033,23.398293720361263,79.74200171848233,6.061150212435175,94.99494887526939,Eggplant
93.01673122730432,41.89477829558688,99.03483451134147,24.290072283065467,68.47616370347149,6.1498639217025755,41.9757838148889,Eggplant
112.41036522069147,50.7315638005724,71.12868748275288,22.492863882339755,63.24996830948883,6.395033858853437,94.88193791487129,Eggplant
89.99606886547559,41.31201529890059,87.62461249546546,26.57926180774212,68.0903904891647,5.8636114491900635,57.34514207432866,Eggplant
106.78445026150071,59.41336055587741,67.02860983347304,26.77693296012403,68.48370111491953,5.946688721744665,60.33178241022515,Eggplant
113.00539502645677,49.70511208294482,81.73623408793057,24.438087302378605,63.636169313338996,5.58591038820282,97.12953127399328,Eggplant
87.84937126751423,53.80150708377595,75.61505784187815,25.32619840791721,69.38354992185543,5.867708508127543,48.049598177807205,Eggplant
92.38527240011383,53.27468721387877,86.63137605875484,24.289794457919953,69.20205253115375,5.693447228011937,56.82976652238686,Eggplant
80.92188353626429,57.9349309981549,68.42826660299625,23.820271015491706,65.59202865290264,5.627408071695429,91.14103065450902,Eggplant
83.00571812710346,42.68404852652701,85.79026906360372,24.71728496385154,74.15895653402379,6.057424744670142,60.48169384492105,Eggplant
106.03311801957312,42.32547360585761,81.45641532320121,25.497184840360276,65.35747165634882,6.1040049977395,109.7066873872226,Eggplant
119.95618799052306,52.15525537486849,76.1882349731668,23.801656801729614,65.14192178790223,5.979454978149766,69.38221610245674,Eggplant
116.55258090499777,47.36590935311419,74.93778364581742,25.068276099471817,76.73240420735317,6.150788320846901,89.13350802551142,Eggplant
93.36572089535449,56.35808353664879,61.534554454228044,28.966377378704905,70.2549979958786,5.898250234863413,79.77338245741485,Eggplant
106.69662122135324,40.25530853035795,94.86207425832991,25.57391620249114,66.85933039400156,5.638245565634057,75.15722994867536,Eggplant
99.85291085137516,48.07293388986956,87.14640375307589,25.36717223007381,79.22835155693147,6.099277517823592,104.59823485215271,Eggplant
84.37423612437915,47.94582585891811,73.4739080578861,26.555859105092736,77.22227040122851,5.578338217762006,45.80598384357686,Eggplant
114.01270832630397,44.25700172076715,86.75013017799255,26.34302505888644,76.65787189774458,5.625088909836403,50.3826372578089,Eggplant
102.2727344111323,58.927573067167415,76.59991033483017,24.61553680203756,72.13378646395772,6.430448600545031,106.9542266275699,Eggplant
119.8193444293288,40.45137166404754,64.51432578851049,26.875742106932975,76.411528786677,5.7852443423067665,59.1368870427375,Eggplant
111.47903197524803,41.127637077064634,74.7753059033034,26.046473780738637,71.20697348700647,6.2286151567927766,68.38765787445266,Eggplant
104.50737378698429,51.707508455819124,81.90464402614988,27.1238663451377,65.18898342136153,5.584648753584629,49.54173376317947,Eggplant
88.98329530615604,50.003958710455706,93.61771002184081,27.610346736707072,75.78081208404095,5.850975623926091,72.37229933188402,Eggplant
95.74727543962452,43.83746368809003,62.44866632574288,26.727328742617814,79.78433366841172,5.6668297049502625,43.7347855919419,Eggplant
111.18126727295731,45.05172013369449,93.18575221411714,27.631493336276122,78.91347074101608,5.908927235756672,92.95758715605074,Eggplant
98.59419123253083,52.61177394617087,77.9839562403095,23.5090579713926,70.15794832006762,6.028584201437442,104.84830786081288,Eggplant
109.42082823174324,53.27583247882888,64.5354838221029,27.76493032530972,70.0061031270903,6.394099536106159,113.58967473044342,Eggplant
82.20626362407143,56.412831207089575,61.50789561690682,24.93735700556018,70.84599951242159,5.648100798627127,99.70510500552615,Eggplant
80.33418816688554,43.37198096868074,83.23187319413903,27.71510049629834,78.33286205387833,6.205496651934624,93.74234162038928,Eggplant
95.77364585402657,40.02568851053603,64.80637034942488,26.276436358048315,73.50259771688839,5.917448283896462,98.45432092227122,Eggplant
100.87449181328715,41.483523911886245,67.68065003871796,28.719985785951543,74.49825493248879,6.394761987012495,49.404579929674924,Eggplant
119.60890138460296,44.188134278998675,60.47119505146568,29.979383512428434,65.62147770890226,6.16801945251256,54.13458513410441,Eggplant
103.20914128796566,58.08069972909119,72.80724669713754,27.362031808354875,63.75807177596833,6.124795398718725,66.91602814540082,Eggplant
88.44833034351807,46.263641014072704,67.15364274031198,29.21532886270306,67.94373772634258,5.745279304974368,75.87262728127463,Eggplant
92.82144667225982,54.888385076266516,98.84879647541977,25.504269253581175,77.2206679994448,6.065863073559619,52.57885320753868,Eggplant
107.62490968325366,50.2686899425164,86.02426093008414,29.11749930057332,68.80869141312093,6.401177623217356,100.05352114253239,Eggplant
99.5441970351194,52.06444271315927,73.02324530076046,29.868778397910194,73.34702326100792,5.54384685249663,66.1297524598407,Eggplant
104.9325773503623,41.12666555598479,60.95536765276571,25.60019391622242,66.6538035938534,5.938298608033166,61.015464790400415,Eggplant
86.58870987771924,53.78286713960675,80.58284465071202,23.601233689994935,66.39178852519997,6.091807907663326,45.778347861798224,Eggplant
85.89812037064718,41.464912082147805,92.49269330856475,28.019273865696075,75.06625863758514,6.216325343476028,93.55083389358953,Eggplant
99.079676615127,52.8455632701423,61.53446219151898,26.971715381254278,75.55755411073754,6.00035836038439,68.60106627417895,Eggplant
91.09706939203916,52.85604100324165,87.71204794519635,28.96774079890034,66.84668164921982,6.269772307385585,84.90846593514703,Eggplant
115.31345962712317,50.556242165912415,80.70519313591869,26.623016651527273,74.98630710284868,6.4646904788284605,45.88506833726125,Eggplant
82.13738409564068,58.75100674814677,81.19502502072825,26.91922411653549,69.64847203189458,5.5936574526074745,101.44715027349332,Eggplant
109.88898580354348,46.23406642985624,72.24956980913602,28.70273104724415,61.44714515482653,6.381105148356566,60.532935191673154,Eggplant
103.71938991021976,58.71988358003556,87.12490006146587,25.315438499736292,73.79068417810831,5.84397963631637,62.18067330793489,Eggplant
119.86733111738718,55.015804623595756,85.78879909527271,24.84231714575455,60.98321658310096,5.531056876035156,84.3345004359039,Eggplant
110.48130884156204,50.7475838088771,93.63140287756458,22.267412264745772,67.3350415285188,5.7370703911741785,75.78183745256976,Eggplant
82.8950557277649,59.08263283142145,68.93021604277443,29.37846220386868,68.51786310073363,6.485524133255218,84.32467067681685,Eggplant
117.2333145670323,40.106979773884454,89.929552247236,29.224405224820124,62.794411339579085,5.596125851732151,73.96580857487645,Eggplant
117.34715624531741,50.84773120380878,81.09825854886928,23.129008946394574,60.01579022186438,6.3101400907454614,47.005965038899056,Eggplant
105.35399274941295,58.29232909030383,68.34607652633724,27.322182689895286,61.57397153415019,6.103755143837613,53.11453767625622,Eggplant
109.43814242060712,46.02462589587817,78.53564035218585,26.795444336220974,63.42546821332479,6.241637818617621,64.21122725094517,Eggplant
106.49487439651014,43.165661013987474,87.52470636825402,23.025504582483695,68.50712992539967,5.747206073738877,99.8700199542546,Eggplant
90.48140018027499,57.634346127907925,95.6728084562645,23.571530521782286,72.27691890015448,5.587717641719964,71.32296796813034,Eggplant
108.5328691800509,53.18846493699833,84.98802677626432,24.26032690929955,67.56049898868804,5.602946144700287,97.52182563468807,Eggplant
100.15555187165094,54.17531264691309,69.95774099187491,24.59550582908053,66.68430674520229,5.525742409747216,67.28382982644987,Eggplant
112.13218294072135,57.94596991499477,80.72873262543709,25.644013561753763,60.616492373987406,6.379204337585382,41.04081707406982,Eggplant
117.79000320840848,49.78432497376181,73.67737974298906,29.393747478741282,60.48781986220193,6.081424894869087,83.914601959947,Eggplant
88.77281604845528,48.57774862700421,86.09056023775081,27.81704957505542,60.0143371741316,6.436853430091015,53.16202979142499,Eggplant
89.34321736889437,45.26946891387696,61.51280546208141,22.9844169887226,79.72699845888324,5.815216737377286,49.224087227123945,Eggplant
84.27965044698493,54.389199353399434,94.18274656130563,24.055618396067757,60.4181902467047,5.7230900184453555,44.521255263740585,Eggplant
84.13579746520166,48.63016239695285,69.1967348344653,26.127567028203387,65.0698750651438,6.440537301102948,112.47551743410116,Eggplant
102.67224420041865,47.08847983974772,75.24587528138943,25.294818265155975,74.55158644269888,5.951638995518838,108.5383957204718,Eggplant
117.76379143721458,46.71892306757868,82.4277792550272,22.760452294660517,64.00938095532717,5.91346576671016,56.49621727214231,Eggplant
115.06241963154869,43.165725121181964,78.22643286212369,26.845593923679004,73.8372781632169,5.883069369726507,109.52792549797829,Eggplant
102.73276604311702,48.79015560895104,62.689625362081465,25.717515747561322,76.41471681631461,6.114541018221315,106.57299629832947,Eggplant
99.76046682397222,42.36923410188964,60.54559383343524,24.42575637374873,73.95980942995585,6.290259903941694,63.660226769626355,Eggplant
99.82615683532988,48.42237808868163,76.42091137405711,23.850789705601205,62.727422100589166,5.696688558231213,44.42659097306769,Eggplant
87.92522967294308,40.18401795250759,85.09033602543913,24.531003259101464,79.46289422853818,5.693717050776298,67.66628562476751,Eggplant
94.31364634566133,40.16902992124921,93.56831812157836,22.255955681154596,78.80359669458483,6.392074351093621,82.8417532868771,Eggplant
101.74382299645168,53.07555845912313,75.48200047739547,27.177778267182845,60.895367773769735,5.554047627349727,76.57843356956354,Eggplant
101.9848920442414,57.75635280671638,64.18642535631585,28.581183417551117,64.20094674584139,5.894083648510032,65.32819478619302,Eggplant
96.00621091461596,43.00990996145171,80.1428029761422,28.413140718650936,68.83068020757794,5.990613575898199,107.90140682250514,Eggplant
108.24232458552123,49.8090881703957,70.3078259275672,29.07941397475973,71.54040803381116,5.721147610110694,61.52958021104083,Eggplant
112.12532355744983,40.882911241749106,99.6836874811528,23.042813437718333,75.92137050793875,5.894775316771683,79.37729466299734,Eggplant
115.22602309858311,48.25822379178426,81.49975014692939,22.394397299273358,60.04694947734906,5.744799873001726,94.44664743350138,Eggplant
84.85059573436547,42.27523917609099,76.43842432143613,27.18269630886581,74.2414398449586,5.678450674098375,46.367051789763394,Eggplant
117.61588135782176,45.21332765124203,94.13385990434895,28.907931603702547,75.45045183525089,5.66883360665257,105.74411674033603,Eggplant
110.77002236966347,51.934459802124344,73.48808140675811,24.10006883413235,62.437784241607176,6.009757066900871,86.82087004078772,Eggplant
94.37355962063148,49.50718135361737,74.54057829477067,27.12804845856561,78.02518415593127,5.663920262046945,70.51270479224988,Eggplant
85.63474415803445,52.498875408156636,89.15482037954384,29.45530186077965,65.57743852521929,6.45021120586543,45.06101374565398,Eggplant
104.12055453458353,41.142654386866596,95.75096751047779,26.238472456560434,73.38696701525592,6.331573925910453,52.0248497987175,Eggplant
81.54366247752536,57.57762291825704,72.5973290983573,23.031831263417324,69.36922474174173,6.098306075696019,42.47764827380081,Eggplant
90.9958263302835,40.655997485537924,76.81341556781996,29.160800232529954,79.65304822987139,6.137047553503628,52.931015502767345,Eggplant
116.23397559997224,50.32495646400121,66.14997248411672,29.37381335561329,75.14938101446207,6.2317052727231514,96.73445630355238,Eggplant
88.0135928438577,44.22013383415052,87.5317199370902,23.757782000883175,68.77343393606098,6.282001825593941,102.71620144782727,Eggplant
98.13047090103439,55.8437987655049,93.54487184792228,27.238206010274084,64.56851704616841,5.774011780385548,65.18729243269883,Eggplant
84.67216430935808,45.4631924073989,68.38076897250129,25.642629998468816,78.1687509574453,5.604480316753958,97.62143391579164,Eggplant
107.49132017652511,41.91508397326715,96.902896196232,26.547777617254557,67.27451042271369,6.256538583495306,60.589236672130724,Eggplant
107.74039348185282,40.79422415144494,93.57632150437088,25.58536677617055,72.73385828715884,5.721237819806683,94.16589701267583,Eggplant
110.88961103573106,49.46426373768797,84.70907696247177,25.65060739057919,77.88182738515691,5.99786918051432,107.34469672230551,Eggplant
112.05408233080993,48.21009642696713,69.203379674299,25.248657060478166,76.5243475155044,5.727632535819392,81.95490766861994,Eggplant
112.24386991842991,47.069549502567575,85.6883854801079,23.965052592390517,62.1855889073632,6.294384225092856,47.91748987269655,Eggplant
90.85525580318338,57.102188439948804,73.85877148314668,29.78436279611329,79.5946866954772,5.768276020453556,43.278257779991236,Eggplant
108.20253136821516,49.01973005296688,64.03011375838305,27.66018255182434,60.62349818223842,6.370196690492242,51.0922023290643,Eggplant
85.092475149869,43.513445959371694,98.41065433968267,27.545354882030768,76.02743070927274,5.897634985732753,66.90501820039644,Eggplant
89.3793602713268,49.61296056624818,82.07314934136674,27.054198749222042,65.14237007997389,6.44865408090299,53.58067985657087,Eggplant
118.6261269906565,40.29712245015008,79.24502767267383,24.666942704932502,68.98246827860501,6.070664578980789,74.84713264101671,Eggplant
96.5938740120638,54.65446830826613,87.43505100345858,28.666170256286783,64.99917962478992,6.109528509754064,86.81558283142832,Eggplant
94.78951243490755,49.72115083805362,72.55128573222915,23.134755180935883,64.27602421325466,5.605513646401201,94.64556601520994,Eggplant
106.42909572436606,59.012127431597456,89.18713654588964,22.41636671004905,77.68490347857909,6.362675162945726,75.46562566181589,Eggplant
103.43452202111686,59.52156664945038,81.29217455392666,29.242574627008718,61.66077515620373,5.691051868708683,75.26039547530543,Eggplant
103.39027233349219,56.324557037256,99.53048460572748,25.11081197179293,60.948312722801695,6.301171503295325,88.35045752662465,Eggplant
87.94171435472806,49.896569132428404,89.69240982134897,28.16329429654915,69.99236823997524,5.805214530128859,117.89940656307948,Eggplant
106.53450443825972,48.164750386925974,71.21852896818609,27.848823864028496,64.84366891187535,5.671709988973689,82.38671111696561,Eggplant
91.59949570576568,52.5781028984723,64.71754699496934,27.23952883653857,65.66593055995405,5.500242934434513,50.15488461393411,Eggplant
117.34461511340376,57.34709278230716,69.34436128144947,28.22697523636393,72.17143186347948,6.47090471144987,69.88845276272473,Eggplant
107.25842450068686,41.27071444847837,75.84989387265624,29.710541289505443,70.77961748900242,5.787879503334844,49.62167705028855,Eggplant
108.14113360726122,52.897120868594534,74.95754854415098,29.607530814926676,60.444056259757005,5.803723851631826,113.68555890396651,Eggplant
92.83741753277761,45.04505667710341,81.3688163972499,28.5904139993643,62.06293521756722,6.443020709645737,103.60583049449312,Eggplant
87.25001022206207,54.24015922396325,75.39834890550229,25.21835742461055,75.66580184877733,6.462784807980732,50.132469827775516,Eggplant
96.82520947515277,49.61883216168607,75.0524726781999,24.9055129897298,61.04537335123193,6.185538620562623,74.89715336960363,Eggplant
87.79175210575707,56.32067004604137,92.10242992606511,25.891133024711152,65.96901322295521,6.138092725796453,63.05217086219224,Eggplant
89.44031721294849,54.61029308052653,61.613009588838025,22.75814776827675,60.135763480471795,5.652943186475426,45.519200696836755,Eggplant
119.83209471119675,45.77619939908179,65.9707205067699,23.927970063967344,78.7225114308027,6.020160223024396,69.18544770462856,Eggplant
114.93565831636877,47.89980541098065,73.40034279830783,23.658260180397885,67.55593647818823,5.816684356016926,94.18431674385128,Eggplant
91.58330818682909,51.54399492845123,62.635686601278906,23.530313253572114,68.14810543222697,6.436949253908695,70.18015885725563,Eggplant
106.56296484799336,45.101744448427965,65.08134303892928,22.468292800640402,66.10826997085502,5.657661026796908,53.920835841289936,Eggplant
110.430372335478,40.316761418897485,82.31240502941738,25.03569104474772,70.13099999817095,6.062830237214603,65.06941555658226,Eggplant
91.8043544073714,54.66803698669811,94.85107952484628,23.540653059668223,61.95237521070298,6.3977958063920255,67.99163709179189,Eggplant
102.05269562651256,47.19086289040007,65.03209345384205,26.714653159581825,70.5028170353926,5.7029935591911975,76.14952357218223,Eggplant
111.87790016062584,51.80852206215783,63.87669308267979,26.38417197783308,74.05476598579173,6.292703405780752,90.32940629074133,Eggplant
86.10632658163135,54.203465331803216,87.09367384326066,22.195415063525065,68.23495335180486,5.8329502469623735,93.55296514029148,Eggplant
88.64543249243683,51.817438459485174,96.5282384725669,28.382418977668863,78.4291547243306,6.47850596693269,40.85361016049302,Eggplant
104.9096510550991,48.256787955178126,94.39417961340487,24.014517616073054,79.62058978230152,6.113707969543747,103.48299217830647,Eggplant
83.42398211291074,43.669157695177304,90.33614692136813,22.17589217631459,76.33755971787565,5.513949018691911,92.56950712490186,Eggplant
94.60375680927223,52.22989705438398,87.84125627956455,24.739801753490433,62.15924896221671,5.569645867748266,87.11488180500382,Eggplant
100.82621414936446,54.84402018242265,80.38942040015749,25.379566320247033,67.96174356472461,5.526446902597668,66.84457613573258,Eggplant
119.04080630097977,57.471111524541776,73.1751226813687,26.70236324053098,76.94593491070988,5.941274336750069,41.43662910001208,Eggplant
82.9804184727456,50.20785442697413,98.77757502703514,27.54567633775094,61.41832382877139,5.689360875791863,101.705851457348,Eggplant
113.6575903982498,52.35389172377182,85.77692678519267,22.226699603067075,76.57060519163016,6.2882752081708295,60.72281152826777,Eggplant
108.34706879862028,44.29709212849996,61.613206442060516,23.609092340723016,63.57257753508599,5.837747996734847,73.47595977403665,Eggplant
100.34155565990832,49.53507751016656,70.82698423861157,22.233365348592596,72.10203244474302,5.895744829847354,63.89377259100398,Eggplant
114.6776417132205,54.93486615596319,94.31062193489768,25.959862357699688,62.61862504253555,6.196221436121272,56.48590239497402,Eggplant
97.64918676366867,41.30001577897777,93.0123360969193,23.007525128380003,78.0619501409862,6.364230602261557,77.1666211551397,Eggplant
109.77472817215963,52.38890147636307,92.12302569350979,25.454440806287295,75.716169684887,5.9624568170651475,115.2772630274235,Eggplant
99.4548840330059,49.252385438674594,91.40287446254051,28.572621534086704,71.08978228642341,5.6797978134950755,77.42065847660636,Eggplant
118.72290011638714,55.059723860783706,92.44650415516529,22.26260399055392,69.3571892526832,6.146621133657556,106.40261469024597,Eggplant
81.97094614331085,57.04877771283746,81.93603746967646,23.57851176460848,66.345104328994,5.781929551751561,82.46872274307806,Eggplant
82.06742719644527,43.17072316999847,92.5077217350313,23.06083192597449,64.66792538916253,5.9533706056041575,81.36967104906644,Eggplant
110.54441918456635,48.94664853332375,91.59458484142155,26.94677045636366,62.26199478847645,5.656331438392838,74.96269803598167,Eggplant
95.87557572356158,54.87088539274589,83.22948559189408,25.105064648017994,63.41520566900771,5.726837102325495,86.04008147752472,Eggplant
96.9375521959917,50.29855017721344,66.82709741208934,27.303250018756525,77.05077481711933,5.757939506786901,79.32113806654613,Eggplant
119.02109316083607,46.66483481101455,83.80185379695044,22.721565601601956,72.12030004958886,5.5896317733046175,116.73883482590577,Eggplant
108.62650608289246,55.763195762714126,88.16417443086547,26.717832288611724,68.99825562171011,6.358373379761062,116.54685340344504,Eggplant
59.961446916163254,57.946051474657864,83.3333163995407,20.383841868964332,59.08965465910713,6.20928776153012,25.204581344993255,Onion
49.66024907424245,45.29169514810695,75.1983980903901,19.484852280026338,69.612964391281,6.350272370669328,49.87006166480593,Onion
45.340622054112785,31.43873197310963,91.01638058369979,20.706831750719786,65.2140961208779,6.149862798886551,56.450582415048004,Onion
50.14569897365502,36.8418545070006,60.46104056211941,16.30340723569072,56.185362229993906,6.116878760590939,79.22221422260156,Onion
52.34530594095803,33.909718401069846,67.9632925131183,20.877032283414763,51.28087047729577,6.862434130141157,77.88248235804309,Onion
49.86989682669524,43.50285805772578,60.885378041179884,21.407102247272213,58.27852116105178,6.270058466101556,36.376041083913464,Onion
66.16092310635042,42.48651093096943,67.18637156119648,21.891090814868242,61.301445660733876,6.858672054929496,31.46117443820711,Onion
71.42666407777824,50.20550360451777,64.60043747312392,21.948207298717207,58.83094577759661,6.944984785555843,32.78862428398446,Onion
65.71333563262952,41.459401363888375,98.27258682363511,18.299748952902764,69.243718189836,6.901485851100749,39.871077942086096,Onion
72.14167107305711,59.868126054105176,70.10652008685129,19.367771693233195,60.403614731335196,6.294931135803864,25.839566180531637,Onion
48.80516976790106,38.45810653025275,77.74398805272749,16.71102478413402,67.46508713383345,6.704911132731336,29.686026265781408,Onion
66.00369804559726,49.60969429216861,98.2488469457451,15.030208713561613,54.958648996116146,6.9277914793753155,76.26736534690556,Onion
68.8234567748255,52.9728996314262,63.659318317185885,20.138758347782336,54.63165982577999,6.181218043613617,69.5666814517833,Onion
45.401525467221894,44.059549109891556,97.54312958344133,16.858320555653425,69.5598684747647,6.994287985761059,55.55894350753216,Onion
46.805709607086314,39.48314663822687,76.9797133070614,18.093242243582228,55.612711597530314,6.972229709216357,33.435065507866014,Onion
69.3331163486745,30.012308683175245,83.84730677609508,24.159430039540524,55.758681881864376,6.185525975257719,60.84238871831349,Onion
68.50405629193573,50.640915568559436,72.77267520085496,17.52202402159331,69.11837599924088,6.923299508269929,50.152413544105116,Onion
73.84775464617493,43.56970432902888,76.97556072290041,16.567629475992945,58.528121129839455,6.537416938599807,26.237738008577757,Onion
57.76452020701626,53.44068655185601,87.20184225497079,21.35156988863935,68.19110856874406,6.01803200982523,55.63761724057288,Onion
71.49395393638828,46.24006148103802,72.95582210321517,16.36250565091978,67.75126143632383,6.470762392387603,73.29633583421358,Onion
63.434084897326734,50.22576349845002,92.17044617513801,21.591555446001344,57.961096813578756,6.513633383928651,69.16750385717339,Onion
54.94601185491937,41.64364370305491,63.82760464232005,24.145844352217477,51.82072629890884,6.648209177448556,47.725696334153874,Onion
56.22477561021769,50.38655509718052,62.68374930519515,20.937057829514345,65.4406357194471,6.828212757886594,34.37917141665764,Onion
75.89676200312695,49.684382755423265,95.27419203282732,19.852807171101983,60.84066690194404,6.919038277028671,74.49502488450695,Onion
57.92643493476008,38.23237894907045,75.72681738257057,18.8776432852975,55.73733749965588,6.268579604332967,72.35846150638457,Onion
42.79447682738647,50.32833546298782,66.9128020582581,18.445058933940633,51.230860682696736,6.269973636855462,67.26315891144831,Onion
75.40061298189035,36.64581455707101,78.54191357035688,19.703240479372063,67.47150611519469,6.762799052875805,53.21924701024274,Onion
66.82988801887093,55.42065161728101,60.3815581610218,19.028900310500486,68.14486334554158,6.740313030843952,54.8562755883741,Onion
61.18578108140534,40.43310292813313,80.82082134566058,21.553831994634532,58.36726076857586,6.714153146392174,72.36777249932122,Onion
46.187393927394446,43.54641068452273,76.32080365140325,21.87464804049728,54.997349305158586,6.640250914952277,73.26190829523185,Onion
56.72526399174491,57.3304709993766,99.72654955733914,16.060920499479522,54.66106375969717,6.950379751482093,77.70802275647628,Onion
43.90829101547034,30.4499550113141,66.44400093025689,24.960127833822483,53.59999233221374,6.502547606722024,71.66297495367812,Onion
40.816064427528254,48.13466946775378,71.08101795478497,23.623349164397318,55.669222985281586,6.686755720281909,62.08207978460683,Onion
48.8597419543856,31.043975996050502,76.36998295141589,17.891931519658698,66.17955499227418,6.800364188455346,50.1363173705944,Onion
64.26048901292876,48.12778547960775,93.08632593710493,19.250024141231975,55.508933595810184,6.265034918140548,54.49057536052123,Onion
57.9659281092885,43.203623129548085,63.64549356358829,22.186037406901956,54.27473375963822,6.196953630208721,47.70170761525664,Onion
49.11113366471206,47.51574801924046,74.85853357337886,19.4891172259279,60.74338643208058,6.203535522481805,33.56633925760414,Onion
75.2168761149442,43.01171108494263,76.48374438530156,15.356121502728415,59.959526051747865,6.554169721611,55.73624790250666,Onion
68.28124677291538,35.32445504973035,70.08892536922475,23.107304652304126,68.94341233686788,6.13593274736732,52.370725497787,Onion
48.56705010958348,31.802195050649473,73.02013352504542,16.43687625184213,64.19866146868492,6.533725413671444,32.9108959044671,Onion
40.36966353622057,54.24471147072638,67.0477762465699,21.06216642220766,56.73843826153491,6.585485938315036,42.36094948402782,Onion
43.477582427690166,36.68850025673261,67.52234265916303,19.280193524396438,63.16567566852315,6.263806074946357,25.663846441533988,Onion
60.757494570590275,48.17278468076916,98.51481976007238,20.89470803093247,59.42345118756283,6.573401625897704,76.03453464241149,Onion
73.13512582406585,39.689362000914244,69.49017454628549,17.626336123660735,60.08842079430426,6.744049451228578,52.67705639506292,Onion
42.7118558331245,51.70742101319942,92.23880514683816,17.894978651197196,63.282514785667004,6.426591901054393,73.90156456500935,Onion
73.80902232642958,45.76295994928927,87.66022183254378,23.833497010221038,59.91434020156551,6.313250740488822,66.45163758502697,Onion
48.80265019138767,41.65593444018126,94.62908948427174,22.24422340269315,58.07622010494998,6.214744502408357,44.578261495773006,Onion
51.36416596909732,35.282678638315616,89.73331654262627,17.520698868501714,59.08334940335528,6.385859446836109,79.01425582495969,Onion
55.64368976592882,32.399474483902644,63.59303010288336,20.90753721353065,61.987271034765314,6.4187589904826545,48.75140307716163,Onion
42.15730331363485,45.496395311677865,80.18957901521406,16.495493185569444,52.076787722218555,6.12357249059949,30.556553557019217,Onion
64.3883278214704,35.89447957208756,70.05720608749854,16.735721441514396,69.15670608897005,6.854617463151835,37.67721605433365,Onion
53.10265175688504,36.296785269149915,79.67503837843296,15.196105324742536,63.42736017793591,6.523158149817641,74.42514105656068,Onion
46.57570737313657,54.12327738183395,91.67844057866863,16.27181189216887,57.97118448288255,6.170152641144517,39.009627525165186,Onion
50.529846993221774,46.68709182077318,76.45643727041862,24.477328040063053,52.527402838940105,6.973692134850198,37.685125211784516,Onion
70.91495745527412,40.16909778518464,65.72325581669256,23.578891852462398,56.17721798472927,6.658855404226842,56.15440267976446,Onion
58.870252375634976,44.87458417945617,89.2895165636915,15.877729141234406,63.3636132391581,6.895812101398579,28.178350836092527,Onion
45.62613356934667,51.49895810106094,77.4912659297847,19.035486208136884,52.739332690884716,6.506770040717788,31.95999211580075,Onion
59.06481825242162,52.9084589688497,70.33057431548654,19.807861681797274,69.84031938793672,6.686650423354037,71.27462242178592,Onion
56.59390426242183,53.03582769377566,61.62036691765287,16.22911182542245,54.06141185840124,6.4019519246152194,71.51596830791698,Onion
53.85064203151722,49.638635805463885,88.37257179213934,20.861823540883414,57.144839363402724,6.577053341713544,43.82460760343604,Onion
43.35494954208048,59.784119345580436,65.08729814530044,15.723483838360574,67.57061498414312,6.3018346608928955,60.76633357404292,Onion
53.16022918648932,41.743628123834135,70.48451888067186,18.430440057930102,58.21400801173086,6.720416069092343,53.13449068291355,Onion
77.74260868627908,31.256411815163265,80.12273290528113,20.842247888317182,68.40393972148547,6.049158523621427,56.542477171436886,Onion
74.14519714111827,37.257831843577094,95.0516939409575,15.190434092742919,64.6490925826746,6.933113221168653,61.145871390203425,Onion
57.56116975921792,31.34643049418154,96.80455253290515,19.702962226915748,50.57993488671896,6.689821071328762,51.5010489466942,Onion
44.97381269769643,36.42815427930779,62.57962721823385,20.742935397085738,62.440589585040186,6.505742298355444,69.94061731514381,Onion
74.44035285232054,48.4687319004938,60.51025918829722,21.952296557477357,58.35998433840703,6.565557483226387,60.699433111038644,Onion
54.00946457308307,57.51295515515383,65.35899466999125,21.715118072810373,50.08719159913161,6.9246511054051805,31.187727328095033,Onion
43.795369205902986,39.99022899156733,74.94265144156323,17.143000723228788,61.702433218542495,6.442914098041964,26.87965739725981,Onion
52.786082490212024,54.312987407195116,87.58806139447475,22.248708535798805,63.96233848167047,6.310973021383033,30.481515714222674,Onion
50.89868736132384,54.95355900555478,99.21883191132284,19.938470147415615,50.194007098460844,6.140044812134229,42.714431642394615,Onion
63.14341394371799,32.25280937415942,97.73429194839527,18.650836732844006,68.25168435849646,6.780521802757022,66.54904998835696,Onion
64.26878319128929,48.803514511555335,85.52012940864992,21.28721387025582,61.07456462796723,6.986414018482889,65.27598120841328,Onion
71.07785553570085,56.17388445251022,68.62559050903397,15.838041590950608,59.65788873197197,6.514080695619273,70.60499789724548,Onion
57.75134317129343,47.12559076632938,81.08283754053834,15.382027837573911,62.30429793193828,6.828043285774252,33.66253014416921,Onion
63.77326935706383,47.808316333392426,66.56739856225435,16.23463573730736,69.6010388595297,6.393719169653037,37.508195079794106,Onion
46.852981778175,50.02805140749705,84.37781189309115,21.435521229874176,51.76012055022905,6.893534583498437,46.40965182449766,Onion
52.53477625721432,43.87084341743218,75.60264262990513,23.63577003139146,68.58521950395784,6.303453216449606,72.5164694102975,Onion
71.26092518132268,57.92423017034285,69.83001248743551,20.769591501209792,55.490891694808894,6.8240944904843746,25.292830481408533,Onion
62.59276651545584,40.17610293815754,72.90734828311281,21.44906323864917,67.02968898627988,6.609195391393326,71.92451382556973,Onion
50.5838844752412,45.585055642949435,78.02146156268304,15.116448995030963,61.136242862814804,6.661524324146175,57.555292243048854,Onion
69.45119595133686,47.140185853592314,62.670010194030276,16.164455240847115,61.92949155087905,6.274979191973641,29.38048209691212,Onion
57.18410973794187,46.62967794250966,73.14983953398426,22.20433702225778,62.875412162024894,6.332818361091672,66.51798908997083,Onion
65.94780170132142,49.123361361537064,82.13710803148273,15.113896680885528,63.930143669537784,6.376041791109157,76.84353405872605,Onion
72.7193908430882,47.63083408593937,70.08727927277077,17.037173932776668,56.807696753550985,6.476567943580019,41.28360305214209,Onion
60.59717981569931,34.961112765395576,99.10851251302,16.07924554964994,68.63888279308745,6.913578011402695,53.89482650007239,Onion
68.99641087344338,43.08144893917763,85.20138310169753,18.405759374211186,56.023180395708906,6.578229786169514,52.39713208011892,Onion
63.18145476599924,38.599817438610685,74.67831327267982,15.838979606289094,51.045527445444115,6.253457129673016,29.08357726318002,Onion
44.15098834538963,54.38785216181812,61.55494788066757,21.589427939347427,55.45115497630801,6.8715456807081265,51.674575651762474,Onion
52.223058373113034,45.529168070683035,75.27832076181076,20.6430106466983,52.290657366526965,6.996990502812551,48.40557327331946,Onion
53.92922558829475,51.30629544948795,74.55597625981329,23.332743050287576,59.0854144872085,6.719558413265435,30.90992690430376,Onion
73.84476742220447,52.0715396033433,68.46867113847863,16.452860097457865,56.32584697451249,6.976070586031904,39.12573660118822,Onion
58.24508835786533,30.90060677152009,75.8891011826493,20.713200154331027,69.0624922501593,6.516736044940064,70.05090293977283,Onion
61.88510570275602,31.223550403065545,72.60033100759097,20.755495078311032,69.01187931862249,6.859130359751234,37.55955877983662,Onion
48.80439320076654,36.035189013417025,96.89995585210013,23.526661531017204,65.49766864505898,6.3927351142242275,52.74093873643217,Onion
58.57326979180611,37.60194322678118,80.20112184595068,15.304965478527544,52.636207469949184,6.886589596168946,66.34238718672827,Onion
56.914736362363485,45.51451086851632,74.7999554383991,22.407798671606724,65.68374358464159,6.763285190203159,64.74364486589474,Onion
48.18017354771183,40.139099377214364,78.793817399347,18.307929914276556,65.09880400316658,6.329353524249955,32.60276477319354,Onion
55.96161808193216,59.39743298347141,69.03525651734304,21.12158658943229,58.659460996794124,6.071024567649326,51.83321332989327,Onion
68.0865731459325,45.396599274834564,94.88424254986325,17.889370166575826,51.7249834260793,6.936565611658006,45.80079922405204,Onion
63.05622205814534,53.76009378390588,72.97254655502323,22.16164538177611,52.70837699635656,6.291293747205505,32.9590849875086,Onion
72.4492223360543,36.67947705680356,88.69614221620841,24.432983972456526,60.55544418137754,6.540029192260688,50.35684624537966,Onion
53.03560573574571,44.26965092774751,84.11230129067037,24.859915721706592,68.75529118636449,6.862152958293121,73.90217946376721,Onion
58.713967331681715,49.72332981532394,95.80266891744856,18.929507649913532,69.23524956690937,6.415786062069183,58.05954659662686,Onion
68.39218853089488,58.51776039227815,69.78465096209064,22.461309782386422,60.416311722881645,6.268557140620641,67.71337618880148,Onion
62.08889120695386,49.82921461949027,72.91604274311604,19.81273951827605,62.34708501976134,6.404910814269844,35.910489691623575,Onion
78.46561969261217,45.344026201278524,89.35681481150802,19.110471935560582,57.10263528051433,6.407164298467125,47.50581540821074,Onion
61.76720463767815,46.3040960994409,79.88615263531486,16.347857849174382,59.92150957001062,6.169103900420652,31.937468246267084,Onion
77.3058286936467,48.148500394431125,86.37960232498337,19.01793670333364,68.17961783829728,6.637930489579666,67.30434282379731,Onion
54.74249876110855,58.80035642457376,92.8184516063326,23.539484630145438,53.44388534851509,6.27096320787122,40.70946298259674,Onion
50.83636892987485,55.662244863128635,61.275391808343684,15.760999889807742,55.478297412598074,6.199872974649444,37.75227876355666,Onion
71.917727570132,46.893797816761406,60.23082645171872,19.293227657041953,58.15769853700718,6.113945269444543,62.18779837308014,Onion
68.08388753517964,51.626796571562934,89.13883782234367,15.000528269322968,69.07841607693445,6.814208767054663,74.71899331241069,Onion
40.62573181229737,58.01576387357218,92.39154114752418,23.372191429586984,51.86574769443937,6.738778028918597,77.79541793031501,Onion
67.14189365672642,47.11684213873819,97.82518710995987,19.42937121734436,61.985871326209576,6.476338293494366,76.30654217481646,Onion
43.04338907062029,45.03359102476045,87.47809765541753,22.91906538422237,61.660372948882724,6.908917744121454,76.80952957861294,Onion
42.57276892774334,42.07111618624123,60.938360868846175,18.29416657374443,60.73736435941204,6.910794930509949,71.56048773559715,Onion
45.09998906687943,32.79091124222687,83.57069355026668,20.32117972458783,55.327552828600474,6.899453084553835,76.00515252038545,Onion
56.10445753360651,56.70907671340561,75.35795577051891,22.368168318297002,59.51884435095448,6.122583156507183,76.03638106803618,Onion
58.163863735101465,52.03461120967211,74.68695257725169,15.188808785762347,52.01060717383672,6.496219479489924,62.94803964194993,Onion
53.38941306317116,50.864653775329515,87.94542357727823,22.03935907327831,59.85043708041017,6.914886150121504,51.90580848893386,Onion
58.01060773986553,35.98142457031881,72.30620349425345,15.423344925183034,62.6707058723234,6.248535743927093,41.72853899670058,Onion
70.83258086657284,39.81663549484362,69.6878356805257,16.69057749133706,65.49716804363912,6.129706257990027,49.95645681376944,Onion
60.27720464308778,50.62169738057143,85.33133929331981,23.107206729451747,50.89502867852476,6.296440724779397,40.407376532645884,Onion
45.840676223684326,38.6753476156933,72.39061256571614,20.218844619274783,63.27408957852512,6.381100513611814,64.57086272223597,Onion
53.4466135431832,38.70851031944281,81.64752223428097,15.237163603057907,51.59578247268001,6.417969543586527,76.8601991265466,Onion
68.86047119373694,32.64379708501673,93.85272051123495,22.32300770608181,62.21893051405306,6.820292960609177,47.22604162586264,Onion
48.860042034154105,45.36070167326278,81.95367022373895,20.383263720099123,61.301475829602104,6.948704918239181,74.62350927029271,Onion
75.02868146235758,54.04250432725881,97.7371242906114,15.984946416794033,55.30246522891479,6.495055945654585,71.55939712178728,Onion
60.2066284609093,52.44104218024766,65.55839620995665,17.524138129765603,64.63552190075345,6.164734008887724,44.32457640602097,Onion
50.59465031254285,40.495850826674356,88.3329619631188,18.67847181142801,61.1052664521588,6.099931877054409,69.27597312790454,Onion
54.795545025924994,49.45602477100027,89.01558406647331,17.096609221117003,67.69349969906699,6.616224251606953,48.57988279633148,Onion
47.293407343128784,58.2690281370362,90.202728165265,17.080245627332488,56.75421549448449,6.809674258088073,63.262271476843644,Onion
70.63137170862898,43.236033066387975,88.65905050568668,18.864937228639135,54.22525833876393,6.63267703484136,78.68076590793368,Onion
52.42403885581318,43.82908776637619,86.96005484279414,20.41506282122488,66.86855591418099,6.761742706469516,28.206346212429636,Onion
79.93684935695096,52.57207361158402,94.55613265176453,21.511977120953464,67.12570256093525,6.1123829749287095,44.12558095576236,Onion
75.05683774417972,36.04965633800677,63.12968394320091,22.88118939945219,66.70972311286593,6.1626522181899,71.98902905304935,Onion
67.47071182388679,45.60248049649752,93.2100077112554,19.192492493189658,53.87987912446795,6.284852676610614,52.78402100613231,Onion
61.253231706927025,54.16742479323701,91.65410894609337,20.81366557204575,65.61570966730953,6.191773458293671,27.75354899013119,Onion
74.945352905388,32.26663481288308,69.86753718975989,21.953189496243844,58.188958752546185,6.8763139699155085,41.38888870642482,Onion
40.474853866774374,39.01966921682232,83.12300196739326,18.759383754032932,60.6974551151751,6.876598118835019,75.18667798267026,Onion
50.63896258616448,43.864214198097024,81.96576060965805,24.49112456888247,69.97234638328769,6.235407248841526,64.98389292401984,Onion
55.121242489327805,30.243245906586395,60.370100897436096,19.60566007562256,59.76669826008669,6.022569696573442,62.78100792258664,Onion
51.76013554379813,46.79679304607848,72.03676292661675,16.671343148693072,58.14347477197751,6.232273364790501,54.414053730554244,Onion
47.9531412114592,45.25217929933881,66.2951405947547,21.70974709485785,65.07875368882848,6.1103942342499336,50.72913266205366,Onion
42.83486802619494,47.945473366260074,70.57617191718582,20.276244568387078,60.34922018768582,6.9243543461938,55.199577241279755,Onion
63.319939188732626,42.04959377293141,97.96318412731267,22.771859094396095,55.708105806056835,6.844209585776232,48.78179981017995,Onion
73.14668574134376,54.68664204880506,67.55480747051418,22.01141131383577,55.812859386130626,6.2974926699926685,41.29914422843194,Onion
69.02272990239793,36.89478125377608,60.03623340984361,22.15236853482633,53.423694876702505,6.104482395307834,38.06338663267331,Onion
55.19602089290816,44.27718982419602,61.78280162850523,24.705733326273602,64.32126106839117,6.323194065324336,42.528349150696855,Onion
57.94170197473838,52.52489645526066,65.85492266355871,14.45608757894438,67.18869165667101,5.756254923889072,45.91072488863476,Garlic
74.85087403800469,53.26295658799645,73.66847517366753,20.88809409442007,50.39366430762827,6.235642660011365,51.78588222839317,Garlic
72.52728589137845,59.09275304012937,97.03154197978273,23.82044556491943,60.24339911867774,5.860142114138938,50.576942860187,Garlic
67.59584013253443,57.67995553742374,68.27945212000478,23.93651106000214,66.30360463939778,6.478856015178234,73.4138475304928,Garlic
51.197493187676265,42.11911822688096,64.48964287966355,15.78590314151759,62.28367447969079,6.304320326097173,74.45876688398606,Garlic
64.9501353747693,40.11262625496107,67.45267106074134,13.296440650093784,57.2664895113802,6.001350993633746,27.386844821820848,Garlic
53.93911903182621,43.58359349250645,85.88280665035495,18.03554080121642,59.906352938678175,5.927691788033461,77.58108407676119,Garlic
48.58940500486253,50.33328519687748,89.44069473461343,19.238977370749314,68.58041771433602,5.8779683556412845,50.50216931752479,Garlic
43.54089260858914,52.17998222103857,71.52847873792425,14.084017513702396,60.89062585809016,6.032310263379911,29.172940267322616,Garlic
67.9286181397789,52.47544381301706,67.56069130985989,18.10265320800257,64.4064583295712,6.029435740541277,46.75189919009636,Garlic
52.89353832323775,52.20787733288107,97.56434793240962,20.732682926207282,51.49491807272631,5.960684973482134,73.99532723308451,Garlic
43.778497032043475,59.77751424275087,97.96277574581686,13.017568249488386,68.6682664089911,5.863132590259462,71.45900418917245,Garlic
56.73533350853086,48.81710225405032,85.36972363910171,22.068206450587784,50.67578301896497,6.093155995527134,35.27031467535541,Garlic
53.837980714528115,46.95937332310433,78.76241360884615,16.343773354390255,52.147222369013356,5.645628738525452,26.839089205860372,Garlic
58.80996341315017,59.08895389705977,64.62700894592466,24.301438409040067,64.66723029464187,6.1374988029341635,60.49027654279596,Garlic
73.06910593585128,42.138397287596426,80.19017294262167,21.06218479738986,61.73640890147127,6.332779071023294,28.974943995624333,Garlic
67.62804157996663,50.680554607694354,75.16643455919774,16.4235747690424,62.41665265548386,6.390995374644265,52.28967593556134,Garlic
72.9889265630768,48.04312763687935,64.09577851172706,12.799574573962301,51.02668742647355,5.88015014195767,43.54807629597131,Garlic
68.71748094490277,54.856430031697315,62.034158753349594,14.874602417557195,55.48523700317799,6.04761198414281,32.94833731488227,Garlic
45.35764877600001,58.87577778415916,92.16811629191125,14.348513727185214,58.13135615810982,5.855621999257566,68.5052240735974,Garlic
60.408516659124885,42.55699473986934,89.55968252624976,17.159543716923945,55.258484952642945,5.87549862202072,52.3766109983793,Garlic
53.72462065668038,44.83811545183516,75.94008115215921,12.249247839748676,65.44995692192627,5.670944893567586,27.414753749685048,Garlic
66.14794771620316,55.478722576473444,92.55316526371374,18.4156193745878,54.107363693799705,6.237227677249827,63.484219243488546,Garlic
49.85082936412693,58.068155117255856,64.17485832331316,24.774947114687233,67.20495621954929,6.187898645479075,76.6312438553908,Garlic
68.89244673294832,43.80913994060092,77.68624552451247,12.92953931631126,57.793148445762306,6.241603019737209,46.25438430119496,Garlic
53.21176701872537,51.90711445020624,94.88818115995579,12.618581503099461,57.70940869399471,5.658240741815263,63.24448379025283,Garlic
44.2289824172454,53.296155171604894,71.44723483191629,14.585918578583922,68.72705115649971,5.518524576745956,49.07774995392629,Garlic
40.86507969847175,49.67186096208658,80.04189511177673,16.18161212813171,52.64323555050047,5.876387537734475,61.97446169629113,Garlic
71.29583234577836,50.615012047762846,83.59337577759023,14.608012824620484,55.746606664552985,5.661895610052358,38.71124425025362,Garlic
48.995471209021275,50.38897572782475,82.50755023162918,24.284316470679556,53.91141294203046,6.141675710161496,69.94925979431376,Garlic
62.409658551322096,45.100073050021514,70.5020092008,12.510289689922999,56.10888453096963,6.24460367900338,27.61347664639107,Garlic
48.77181130019323,54.12464997063564,91.30606251291506,17.91913933080507,63.96148676957298,5.887952168654892,33.79522847632701,Garlic
55.92597974091626,51.59935640406286,97.92213127411561,12.893762377152806,60.14788187689921,5.828919778210724,52.9571431852182,Garlic
40.959017895061265,46.260507094031624,92.7947259010802,19.201242540110286,59.01164985632235,5.785525071715339,41.39233875352457,Garlic
55.32405734362338,56.71141419929121,98.68852827233073,17.70251995755487,57.86705677495524,6.346550775819863,48.4797926349967,Garlic
62.080726891826046,44.61883329197489,89.74010143116301,18.915848137520165,66.18069100480683,6.28073273002867,36.82526225485157,Garlic
68.62542202231049,56.00108815902743,73.84428963129581,14.24391846772957,50.05264311159176,5.950903653093148,44.38380023463628,Garlic
62.19639335301636,43.76082185177572,94.386621906659,15.350817803165425,54.528592101753,5.980714056484356,52.436806305935086,Garlic
48.60340915140371,45.43721453451832,66.7882095662098,21.339982318201166,65.40178062508164,5.962328497459283,64.27478624767596,Garlic
69.43741567749782,42.76551055355617,98.64712099338146,22.673415312253603,54.089669223916474,5.68616503574607,31.91136300687705,Garlic
45.53514250167674,54.96323598057393,78.78617027806494,22.178144245618274,64.92509788700411,6.1046127135052215,62.750163361827376,Garlic
40.73422897516567,46.23555293610044,85.51288717037642,12.121484395321175,50.65953887365187,6.351887982470383,62.62136739306395,Garlic
50.614789324813756,53.75925680237418,91.69826676557054,15.988325680431316,50.72074754998375,6.432779124687735,43.98489110625968,Garlic
44.25927053138825,49.83713742786295,90.73871182656535,14.88141509002827,55.38980100266727,5.742714986798584,79.5420179057423,Garlic
47.8961493492217,51.51040433932248,97.01058566627857,13.90965539541113,69.41708395735401,6.447477234395625,73.65145928820445,Garlic
48.58226085320009,52.681101120219665,90.4356589184496,24.818363066553587,53.60847644162741,6.266025899519296,43.63406434599121,Garlic
47.025058622720096,48.4275388242771,91.75343648594466,18.043047448152677,60.75046200406097,6.495159410200121,46.95101147565843,Garlic
64.61603018836959,47.304884032307434,75.7114258531482,21.043329794790303,68.75773952189766,6.042358950492321,67.2619960921829,Garlic
43.56826235267855,44.22316074863854,80.0852656367813,12.260152407174072,55.05709957525117,6.017401289824966,25.82286590409654,Garlic
50.581851449041665,50.28061638951739,82.92596991924982,24.03477200971897,62.906912465012155,5.914735802529994,76.16931474231873,Garlic
71.39531933551177,44.000178422254955,65.2336944539528,20.785551264655528,61.19766331153968,6.289673613792756,65.63427775432775,Garlic
65.00846135430061,59.72764343257784,81.34358920441635,13.470374834522358,66.56547129631977,5.751853362345709,67.75161814791551,Garlic
78.28428384000205,53.93591027928682,83.84120643799204,17.985020283775526,57.288197319908065,5.853004750971836,60.00049881402748,Garlic
70.05092467750984,53.57034138968829,67.93640404774251,18.421833341865387,65.83280144366125,5.9757040781890565,54.51428038545216,Garlic
70.84544192683289,53.22530612530183,76.3737968352957,23.640365245524848,53.25134137326957,6.495516448590324,31.536891816193048,Garlic
40.59799884416955,57.800378022975295,69.79814033463825,21.486095156807373,66.22030749864139,6.358986391032117,79.53768296152917,Garlic
51.761588401599965,54.204866838545186,64.61599433123313,17.288520787639044,66.9594338662518,5.867658046059108,57.510245929458776,Garlic
60.15093774898536,52.9190306222409,98.9157755755078,12.724561844518227,61.479230350032594,6.363028779250285,51.47604914616351,Garlic
43.14108743766291,51.21078704833542,73.28295563295282,14.014243209393166,66.98069026566947,6.021599512991122,76.33020268084866,Garlic
72.24066018412276,53.859435875473345,60.20102013461248,17.56170493629725,53.94972563304064,6.410797911048868,34.602119157199816,Garlic
51.44240206637142,50.336735354689985,70.53454475992316,14.728240804628575,61.98198650205505,5.5889295227550235,28.19922672965086,Garlic
54.889811807442854,54.41328909015725,82.19227033095791,17.497394090068127,61.315031284491646,5.865451484653273,76.48804844876621,Garlic
42.19619563643097,53.4678295805967,95.65130659311002,22.450501213558294,53.68082069642894,5.795926348980288,64.43763662889076,Garlic
43.37082236723062,56.23723399665168,88.75627778419161,21.484886440059455,52.004827405351826,6.2177605448162305,62.38999688709835,Garlic
73.23689963287401,40.83191912512939,60.92442673871169,16.84909229842129,52.97576567698306,6.058384477570222,75.45418958287118,Garlic
55.659189213360634,56.89900754545208,60.00963498071466,14.190690364969395,50.608470793081715,5.828147180515069,74.95042776330766,Garlic
43.87808494395951,52.128195534876006,78.05983756477777,24.20008676075556,52.450382850741875,5.712027850502229,26.62480827363213,Garlic
57.35740998525495,45.556657991293086,94.79623735561285,19.864230571570815,62.281814759514035,6.031910696881303,30.051768547606056,Garlic
57.80074734901421,59.99010379417033,93.4091716338406,23.614967704172507,66.46452718492999,5.603041693430983,37.50965397356398,Garlic
40.12486605425639,46.07020249756223,64.3442960938597,18.14631348892058,63.542549771478036,6.374505295038077,66.2069440799994,Garlic
77.54342383114022,41.07796580787578,60.487193416661654,20.597395479870762,55.78704820444492,5.753501016105773,43.198789823158684,Garlic
50.791842315694566,50.22872812603175,77.6059378889653,18.661571167896533,63.454272230008726,5.887130508971149,38.821922792818626,Garlic
46.64802147234982,46.98948239065251,89.67225900984688,21.837163831449104,63.338107733684204,5.734028175306874,57.34474352200837,Garlic
62.82758646307392,49.68532396219451,81.99915945535457,18.393278224107686,61.309127321482165,6.215505954621129,31.029550692189186,Garlic
69.98503008596094,42.717723002551885,62.66511993641499,24.68903592087908,69.13983537740883,5.560436544940564,49.37893928112292,Garlic
47.44979753199099,49.70689794268836,93.20708971998349,24.357953071657576,62.685053069030744,5.8539056672118175,58.18290611045291,Garlic
52.48005224433801,58.196472816641204,94.81601852423347,19.257012753635593,56.49597830760721,5.793389675582978,26.83798970877827,Garlic
72.63283404101182,49.00766426078016,73.00531713601058,18.124434614970802,66.37475980909304,5.624614207707522,72.1710793533005,Garlic
75.90035340433417,58.934158300677765,75.89951969690512,14.822825252489734,57.47281636933397,5.832912096231404,34.6884651876573,Garlic
64.29066680405953,49.53248321017258,94.62803969296014,12.417424546266757,62.877358551102525,6.262948878511561,66.77176130535689,Garlic
75.442958683821,54.58067485658988,97.11240246590785,16.32453579767159,60.06418833503086,5.514079663282891,25.382667301681018,Garlic
49.6050648180608,42.0161439427817,70.40845471743015,14.301562828869166,50.57040049677296,6.40930414640605,25.452272226389034,Garlic
69.44328577348341,43.04295773839033,96.48918487998401,23.606347214668517,63.07802292738515,6.172234149800605,25.29365280833287,Garlic
79.39486264454408,57.55665207151629,95.80424902920367,20.570178981661336,56.89573857309073,6.393648649090481,41.03343104831558,Garlic
62.508461733688115,41.99461944687765,96.87822520531,13.830015951025773,54.497936114608144,6.058134158128215,67.02511501171398,Garlic
64.77405223745195,44.64267825600312,60.03772170109961,21.84295754399671,69.70414651822188,6.30991312030609,50.31136399861384,Garlic
76.15069045596427,48.196953462367,80.99736336973871,18.20268697614388,58.9524774533105,6.275190769293905,53.97228989982206,Garlic
52.668684881008645,45.163163353169566,61.509892678697334,19.581537104479597,54.599228308020685,5.648133922016383,60.96064801052227,Garlic
67.24837031286195,55.04309784515332,80.14307585354366,23.622709867650528,68.72685506796455,6.30737093979249,59.957641510450294,Garlic
52.148838143647545,59.65889843240443,70.96544668767754,14.634539985875604,58.84308227573165,5.556840570712389,78.81719555694849,Garlic
63.53734225665699,51.13904183328351,86.2318511959888,18.461307421103687,50.64127034189083,6.112311288840397,64.38956323260368,Garlic
56.66996242496212,55.14591144142386,69.08005197353683,14.876595683860392,53.22833975375148,5.871994759789162,71.5856619463996,Garlic
73.11648248596256,47.65648415927008,83.56474943920946,21.370612114173902,54.82413549256046,5.668141085894747,78.4652796266771,Garlic
64.70229252838473,59.62831443667328,73.51023948528916,21.13941209966371,54.45207273082475,5.761200171273913,53.15461666982932,Garlic
52.78472502032285,43.352431276811686,70.51522807957303,12.46472912805624,64.08847242954974,5.9921166570858615,30.18336865224891,Garlic
46.86775972513965,42.05069076225288,84.50371233103506,13.224734726962419,65.08564666070433,5.520510919320391,38.71566833977407,Garlic
75.62666703567629,54.37062636244492,62.91873331702751,22.67463935830734,59.860702430804096,6.346783027168829,58.04068759477164,Garlic
67.27332128131435,59.87003120791417,69.29342183696073,20.111292471898047,59.20642780114797,5.5394519529226915,25.795885282657576,Garlic
44.769143112714346,52.98183481077096,82.68652351653569,19.194584295128458,50.6371352505652,5.969302996360007,75.85425498133907,Garlic
55.903674772425866,52.49844939576913,91.19274702492575,22.19102862884454,60.385601647905425,6.357951945402336,46.52579513500608,Garlic
75.54772859139193,44.804543327910906,71.20865627962284,12.690568114587014,65.91163673084566,5.917055236232706,37.60141376512695,Garlic
49.27161110466319,58.027998824584664,93.35666401844148,19.195901509643384,62.32221600831442,5.974325570550291,46.541659858334484,Garlic
76.61907524873325,42.512254070406044,76.73787158864911,16.47930480384238,59.96301440502297,5.957631874545175,53.53892424080948,Garlic
45.59675908907976,50.26283003026554,69.69675255548843,14.396307536846486,51.29668437572383,6.262652558756141,48.50930564711079,Garlic
65.06574733247034,54.55186686609487,87.17266661254214,18.11650934816587,57.7579705790346,5.875959909640664,60.202683831153095,Garlic
59.79177419767494,56.98264495977021,94.98807937306849,14.21728491408474,52.724673030914516,6.130400926036,41.56741614342537,Garlic
40.742828750603955,57.772853387259104,69.07603068975233,24.080648471915516,64.34868901756508,6.262653489911484,36.08038226862382,Garlic
49.36777702467252,50.42535507648132,66.88399410599449,15.97061200487942,56.42924955895609,5.659629933252764,36.28505583673384,Garlic
71.54207368033026,43.34391709094537,61.1382956737569,20.1816142541762,69.519662387849,5.831213814623121,31.52606367579388,Garlic
62.81549301470123,58.127084221912924,91.36247119313916,20.09270628936531,56.30112993215199,6.04188017327622,30.018466271734045,Garlic
67.1578169712268,54.50192037795301,98.60126491639676,15.385165663685932,50.36912838086045,6.045608464427151,63.87347774182479,Garlic
71.61629903531951,43.87477866049621,70.47011476148094,18.663682028474852,56.61201619940004,6.360511486587445,51.056808455629614,Garlic
71.98314576408012,51.612395209647076,90.92360566468449,16.32474882489421,66.62833243860622,5.774572315551022,55.03543444018099,Garlic
48.56028452695497,49.510530432523865,72.72700838034812,15.467144598283785,69.33970036056076,5.66007410548673,68.30292106015673,Garlic
79.3665983793286,40.398029674801556,87.9610965616838,15.287853472231733,50.80975648656609,5.902889578956631,76.43697955939813,Garlic
40.47060377467991,51.757713838595635,80.05585914381297,23.353994136823616,51.680034290412515,6.18152602988665,62.40603341383025,Garlic
66.76320067449133,58.84668989870074,92.92350116027521,12.545645441165577,59.421657014090265,5.897953056201334,42.05809715999411,Garlic
58.053469006163894,47.68388369851955,77.29335599514661,24.73040425291235,51.772659494991615,6.42223086983873,51.413019240906465,Garlic
64.94968981998164,56.60365933235388,74.41852116597022,17.59548480514357,58.190369605574276,5.87473102253576,75.90411269057923,Garlic
73.15719564772048,42.17999979725952,64.32493409908385,17.562303693088886,51.97314753465618,6.119093095271119,32.90303839939536,Garlic
60.894930558672044,40.14439894007435,72.66385393650587,20.80347940774452,59.680778804556965,6.478269485998988,73.0757087836416,Garlic
54.36283116172605,40.90973082944549,93.82505200460075,23.846046034090726,66.41254786838073,5.627949940919764,79.88533239267582,Garlic
50.34336886211095,54.4840982561674,96.32139505342886,15.063932486299223,68.16517109354132,5.809481579194867,78.70272723112308,Garlic
51.25040081521898,59.06871649515671,62.141786035707,21.22053615170757,60.642222676740076,5.977877077122731,37.2921872840712,Garlic
68.22383159105968,43.81618982892614,82.11367183939073,15.292189719523261,69.11242759562712,5.528631193835653,35.98505540611801,Garlic
49.69242425549791,48.28135651535633,69.30920967480213,18.387538173494207,67.44931046517078,6.212063421409171,56.89790892943111,Garlic
43.56012711930718,53.87984216778551,66.6565713724376,22.222776017502074,55.001135170203064,5.917048728320901,44.27586112748604,Garlic
74.35255658699427,42.53088917426816,82.62579529539154,13.846800922759808,64.09591672264374,6.405078127794481,48.90342096269894,Garlic
59.52369041059903,58.54845672965524,80.83965554597428,18.33877969464429,61.56658205408608,6.189229736362952,30.878585629786727,Garlic
72.84442110966064,48.71010054906519,62.89394039589942,22.220374699576773,57.538999433725444,5.600367495095054,59.85784717487878,Garlic
75.20525413734566,57.75507018827973,98.30653899235892,23.280170976966943,50.0428183869095,5.8802411664133905,70.01984189480267,Garlic
54.65012023993897,52.030970127594124,84.25267789498128,16.7453289525047,68.08947854562575,6.003228345386118,50.56313132656254,Garlic
79.90054982647584,49.87000728145233,67.13593007714324,18.669902497224694,66.2803347103986,6.276860326898282,68.37199708096591,Garlic
68.32095135991648,45.084356581333765,94.48336343360926,23.614765049891446,53.883053932370984,5.630455636551394,78.65827327240116,Garlic
74.73295854601471,57.86472294419893,95.45505538497581,19.04192871243847,62.928034733316,6.045362852133642,27.8163492054681,Garlic
69.82012341411091,50.10664066671761,85.9083629916092,18.53431746468196,59.83622644644912,5.671789109477767,40.32925433276319,Garlic
46.35410767775823,43.91332591250685,98.9190952168122,13.99047479503858,55.385408486104154,6.090589657738585,58.5598216930153,Garlic
46.15896518975316,55.87434851570425,91.408114716513,15.085130154650585,55.77332605350921,6.437987865459497,70.4119295288713,Garlic
67.91188132250096,41.64466443021201,76.73056323610302,19.270924336998753,53.74822575967554,5.948226582108225,58.056423261877946,Garlic
53.09506720461597,55.61889637900974,93.61798326555223,16.206923102642918,66.77314308984914,5.6035765661030155,71.0751004242461,Garlic
46.110017266704666,41.658543050194524,85.67101617764045,18.135185754818828,68.15781200825666,5.8631891960908495,40.79337448906958,Garlic
60.029396245767934,49.11892371537323,73.77712184868753,21.018636883078273,65.19123667827816,6.352983969030136,78.50711325906886,Garlic
50.66624768530018,54.32186964979923,75.7703294198298,20.802065635364407,59.51963380698441,6.493773102767932,65.08961746849124,Garlic
78.09965201737299,56.699390989623716,96.11604044653484,22.587449563790774,59.183182607518226,5.751788453346885,45.36760964977872,Garlic
40.809449305598015,50.47986334929334,80.20231201081634,18.828256042796347,69.48062449944128,6.411454003454839,33.89420280815594,Garlic
54.75530086223557,48.47912358926524,74.42131671406591,22.38044752685087,60.48075339735174,6.072099816971625,71.91574574433591,Garlic
72.23712613661434,42.64423045640599,88.55658336334537,17.66066967572646,55.892978061250005,5.550018820902187,51.7987258189998,Garlic
54.217467228981256,45.030260793528015,87.78686918387831,22.00331003510263,54.895790380588494,5.549447436679348,71.68139853108792,Garlic
40.398389648172135,58.74224987842944,85.10479495930824,16.184006257617163,54.929558191534724,5.509005664264476,37.950927935598244,Garlic
45.509132060685644,52.24332441446291,66.66182354375205,18.87218788797605,61.80232844688942,5.798041698346914,26.928572196029528,Garlic
81.49015522456784,40.526946643878354,89.56498668546185,23.180097048142983,75.92600371935328,5.931732823842849,76.23984806639712,Pepper
100.51530410038295,54.26062912750208,70.94011463318829,21.21587349533527,71.12114670382923,5.8269776232427395,75.39930509344299,Pepper
105.87786833349222,49.882514822825414,84.81115268403371,25.44200002113628,74.79592743872198,6.20593661771162,82.73519134468954,Pepper
107.15612083438828,57.471192045452256,77.29085151152674,24.127630727487936,75.28491241704761,6.082553837041994,45.68054241780708,Pepper
115.68448062764325,40.6156620447528,89.93585424838972,27.587941427043127,79.0622217056386,5.554134408402321,87.74854886275928,Pepper
97.11362282508212,46.61265909719084,63.61274241196292,25.62654119671309,69.58081451349227,5.604554458151024,88.99916056776667,Pepper
109.51812481011754,55.34556602107297,96.21492753049709,24.094707418887772,79.06145537244274,6.365429405082686,63.72012568191512,Pepper
86.37132149397834,48.70778792256027,76.07594831823866,25.757193053312044,71.66772464655496,6.249986984379976,80.79119585644881,Pepper
84.19290563763062,57.165826711062124,72.39058332740748,29.71297460306592,62.357202173595404,6.458251172232504,47.28094455060136,Pepper
89.24144551788238,40.93159884173083,88.2045258655598,28.502987365717917,68.68142163631961,6.42852207504243,87.22392574044797,Pepper
105.20028541786093,56.9083840340154,71.87200820207356,23.542657213276257,78.11903838389289,6.400963496038764,118.11862209606967,Pepper
116.07353265766685,42.54744072066722,92.94897144547949,24.09838478109594,79.81602711891875,5.972280964328801,84.30688660017765,Pepper
101.19099661027194,46.43474059716556,63.000883555716726,28.956512304019185,76.05351625052573,5.639526780559669,102.14146170800583,Pepper
105.0338666420244,48.182875758352445,70.16084596382251,28.597287835022325,74.00376518588106,6.047739909469136,88.76548271187713,Pepper
83.64264728328723,49.47839521822384,67.74801171142808,22.083836790088252,73.22607924573734,6.411256151834288,72.30052883826772,Pepper
88.30997092048761,52.97493874473308,94.84748185401271,27.483188011224907,77.37514461073175,6.0365546710108,100.15009954953527,Pepper
85.60258237435745,46.96549230726383,75.5819665792609,25.112957462460344,78.58152720513647,6.374296560222175,50.76203938313476,Pepper
86.91158607529853,47.152810991778225,71.62975463562695,26.147709531562622,78.0555209552909,6.462291541672586,92.28823620281813,Pepper
113.52636805604347,50.50404400461594,68.3330778744016,25.246884120934773,71.10165202875302,6.242457564213557,57.59063917658793,Pepper
94.73241528346927,47.28054938429133,98.3775838296466,24.43944960326719,75.10187934596293,6.250811381374439,61.24353478425931,Pepper
102.87478757486929,57.886057866372965,79.00790877827798,29.45117507342546,64.28916458648322,5.574159105774031,111.31630985157994,Pepper
113.90724791848866,59.8517975186769,87.17573952449705,29.366879266671496,76.53898050168222,6.3444263331200865,85.53132563634146,Pepper
95.29458391666843,58.691161450865636,77.28468702463579,25.38819367249669,68.92228614250375,6.064818313960197,77.64040631938617,Pepper
81.91870234317904,57.64096372015398,77.7757527566308,25.88943648507349,62.78375605515974,5.503387847982639,59.623207491491435,Pepper
108.18344128533401,41.983890602257574,96.35549761545872,22.150225693561847,64.09187228583552,5.681507961621495,41.11853703770918,Pepper
110.87221873912938,57.500690624905175,84.56650810464795,21.881999816798622,65.7055599388176,5.975926697364963,116.34767612986407,Pepper
89.89405487270972,54.632918078397765,77.57792893171681,22.97847348360022,69.11831874044228,5.571206717541233,103.894989674429,Pepper
89.73207711931869,54.50824246385941,62.73393485792779,29.55098556165686,63.86029970811397,6.38274207620708,104.75785676923476,Pepper
118.71439696325663,49.557813218914994,89.09589175383806,23.70710657037784,63.687364760393876,5.943075932933449,53.25992123107639,Pepper
119.28178491145536,41.92492982281433,83.56846893810481,26.26463855254056,70.76159085748108,6.162185885711834,49.29446200095128,Pepper
102.20074096821165,45.74425142254723,97.60704253204227,27.620716534397257,79.45028964319485,5.537556069740189,62.810654014456695,Pepper
87.81690346553395,40.22309174623661,69.69302920985285,26.78775983520429,64.62177844269137,6.009003445482618,111.02544919719989,Pepper
107.75031681396301,47.89258139812064,74.89875755648433,24.557358140084848,63.540828821198126,6.134000767415988,69.13222552836844,Pepper
114.09461397048175,55.13105320115633,84.4205265636864,23.64202222649516,64.19863663346969,6.276151864105623,78.91272791928692,Pepper
88.99000152709431,43.903492300800124,66.61603618005437,27.77161196205595,64.57974370600624,6.026642263525197,76.1237088778445,Pepper
103.18443596913136,57.543098007423886,94.70989560326922,24.510760718248598,60.30732501469446,5.926443805714303,88.49548299393123,Pepper
102.31059036392247,53.02672211600411,66.16302929892333,26.465350987807327,63.653032374875444,6.250523980696749,67.1270090610144,Pepper
108.39581733525814,40.95731197812214,76.31440102363653,27.050345222633325,64.53741032662988,6.295287044797223,90.46237864839455,Pepper
103.50247088599193,47.07097708408674,79.2980588152447,25.97349300977853,69.44924227829782,6.19831332394056,74.69575464855677,Pepper
88.09092726968122,44.278675656020944,60.23215075371765,23.009577155586726,74.9783528095704,6.294162708837609,56.19740336766,Pepper
118.36175987485632,50.048055869602535,96.6791499607401,27.06765281861631,74.44866846044826,5.585043621306071,57.59929015175445,Pepper
80.3525933317789,54.32255280953475,73.7775315371404,27.866525160763466,66.77872439874052,6.319333752298861,50.45586029986504,Pepper
86.93492627030032,46.81753079167873,76.33949555529094,23.487028108429783,75.27294065046439,5.596951392626715,68.09736157107905,Pepper
113.48959998061838,41.33594154524344,97.6937403068543,29.86316842272013,61.771363476501605,5.791272522255737,69.79205328282849,Pepper
111.05565474610904,51.918536242334675,85.7746280197027,27.57509822818506,62.359579988740514,6.333209456910263,96.44958433441153,Pepper
103.09366900785481,57.794706695661134,88.01225415535228,22.016999626310255,68.59490762151333,5.994042866935733,44.41741014003245,Pepper
118.18550053440222,42.57154521593757,87.89845068906908,25.062310360908803,60.512644997688454,6.424747475864361,108.14694470551466,Pepper
100.97031711615342,44.5788467227889,64.86491562720377,23.633924794321267,65.10856562092181,6.006691201006299,117.31274368987431,Pepper
102.99813972918565,57.79862111780196,86.0351534998311,24.752465265872004,77.09215125466743,5.971368110172998,109.49025364082888,Pepper
91.6630707830306,42.57626147525976,94.21257857451754,25.874151637926666,77.7818479649792,6.437827206992383,44.290271229715934,Pepper
100.03877207435474,47.49929098149059,85.03433588280468,27.935911972023234,65.61180431948738,6.056798384373172,96.69828639239196,Pepper
85.37724331342936,56.281338119025335,84.24438399411892,29.495374371136517,66.79057838261386,5.608145942337199,80.52009608295403,Pepper
83.43243086837755,59.390530466480136,61.54739833028766,27.53503901107308,70.50204796284488,5.868620652498288,45.26737316069237,Pepper
104.88667696694431,51.70440658781911,71.235330922704,29.102217014103122,66.08220014685674,5.949725410592106,83.50099647349245,Pepper
84.00927512705144,58.643234384272645,74.98144609804164,20.807792138743437,67.7458234735066,6.1002025470925805,81.09221374570637,Pepper
107.78167896149097,41.10967884135821,71.38162441088224,28.19230576840102,61.597873755827216,6.355485954695958,47.3516873661685,Pepper
113.37816859566786,47.21576802157453,84.48836253028864,21.528871156479983,61.32337443450362,5.715938204020135,50.22830543269564,Pepper
92.49623590718527,50.2876649302204,83.55037854260038,27.898681073797427,73.12479786496718,6.108758325129553,72.94256219886196,Pepper
98.95233739840555,48.29041658780362,93.68664120245532,22.300004525484,60.114418630839296,6.151319897226239,56.19697469110651,Pepper
115.60460545239238,57.180926594133126,63.06909487712824,21.06388405414077,69.90343184493332,6.109222662769355,61.99266699857926,Pepper
108.67190866797483,51.89832041837743,72.99296438994219,20.253714880423157,75.00300562597036,5.714753665825083,106.75789947701027,Pepper
96.8116104021702,51.54154885263531,94.91794921636009,28.636230009199533,67.43039150487147,5.708888892714843,102.01168621828756,Pepper
97.32320814408524,43.84083987118008,96.17701369268602,21.981041942410872,60.516143363824625,5.52027997376742,89.78522851634114,Pepper
106.46700242870122,46.22083410113968,72.80043956988254,23.394939150599427,73.60317093517757,5.558133791026829,114.32930821530606,Pepper
88.90084176709786,59.99346410484185,66.86090775148747,27.715464573123775,64.4682508985925,5.580846801643254,109.9946659480519,Pepper
114.35005036763567,48.071407848992024,88.09584570161707,25.57065932683917,77.05912227347497,5.815055969318655,81.89379199991882,Pepper
99.41489484818202,47.078116525137176,95.65820258225489,21.658779246625354,62.99017279041392,6.076909535322751,92.59953839879536,Pepper
87.7847701729826,47.81434884509248,97.86255371914976,22.46617422690674,73.36721404234788,6.240149393697591,75.85029595721277,Pepper
117.50103947038332,54.733134704375814,78.31698319443592,25.69335201776094,73.85226886850201,6.092190180429219,110.29580670608607,Pepper
94.27554649121605,45.997714801116096,68.55355557981058,20.377829680645952,60.86027928760111,6.370055193109283,94.27145171247258,Pepper
106.42129661745945,52.29285637869772,93.9687657877642,24.802669256656273,77.40821657116601,5.8594450261822395,114.13660034712724,Pepper
107.9462792032496,45.14354272048855,82.56339686754501,25.330305614882555,62.75797643460668,6.091242905750614,65.18284989735663,Pepper
82.0939506723841,58.9731231541313,85.65961476257151,28.76918931870847,73.52112010026507,5.856983692140113,81.01504578630491,Pepper
107.02987041388708,59.20504650402875,70.14677836486786,28.749770586241176,78.48155610588539,6.1704155146589565,114.50133019210702,Pepper
95.91514349909474,59.06032352080885,88.111315086639,20.42005767418812,78.13745663638106,5.984472809033193,76.82615878222663,Pepper
102.65866423918537,42.98769093542456,78.76664194269594,28.311272167177457,60.309649182750306,5.772917160324371,40.19636691550754,Pepper
96.62845236599394,54.56631020987469,91.95087316458515,29.451897611270066,72.17009225941572,5.754626866652895,113.93183593093592,Pepper
111.01263015521505,51.48856966006289,87.82560862875744,29.243163550074293,74.24788056945843,5.8683745075847344,97.04225618312773,Pepper
81.61112650941551,47.728311236611624,76.25292127382318,21.668382344208347,60.4617096110354,5.633381236637743,92.36971966376441,Pepper
112.0915526545475,59.764069854539486,73.85454012433976,25.993792222611017,78.74289933630244,5.667041781338153,97.41164690741941,Pepper
110.19914932596653,41.77951071738677,94.4499754073226,28.131050471108438,60.668060131548685,5.591084414880052,43.930151511348186,Pepper
93.38974127197449,50.18577981359852,81.29390911818516,22.676667597694426,78.23193773120548,5.868262789871913,43.6440124772282,Pepper
92.00908446165545,50.62218845088311,76.32887290352929,22.738425190992594,62.62646499528635,6.31916450009623,119.69161936993535,Pepper
93.18168534095528,47.63242088353208,84.72150098707829,27.18441474735541,67.84059069607183,6.404929516981815,84.80031913831347,Pepper
98.01560305623724,52.9334550631981,98.11215392996692,27.945522944217053,60.80026261070249,5.832309910739959,77.64357479609782,Pepper
92.58070288836421,54.00375121660913,93.05076599450325,27.313450951852715,79.78666573656551,5.772547647893029,109.99915960195372,Pepper
110.66490660697944,47.24357515116292,89.36498174627874,21.04075956418247,75.78666964681105,6.032330602587103,63.38321381674025,Pepper
106.23109207136721,52.83239997428818,68.37944890878398,20.303974148115262,68.67245173803347,6.069511869344421,110.12842226964787,Pepper
117.12867182590378,50.57610436313533,90.15213935074179,24.39303272327997,74.92164313145786,5.704801524939167,69.68517878428251,Pepper
105.3691199525446,40.363159312141576,88.89845241355816,28.35535501268167,67.98283322187903,5.947942417177164,108.10257697732249,Pepper
111.02618541304133,45.762989780667496,72.95904426246156,26.788782323905966,71.26396184896322,5.662229571096497,64.79439273833331,Pepper
115.99933107514616,53.76348873444527,99.43897270742079,27.670125299807694,78.8394886428718,5.716188573870475,101.71878998535405,Pepper
80.8087008059119,53.41520043423068,78.77129112480965,23.467600719200686,77.24808704586178,6.3542676926575306,41.78413639189149,Pepper
104.38020489797724,47.35664448641913,76.62644006001797,28.32040739218776,66.19679543055356,6.44304881063762,54.37070610977126,Pepper
106.50889693472712,53.44210134027529,70.08780645711673,23.24750608967202,76.6959698515988,6.261805254954952,66.32767042518077,Pepper
101.35826187739735,41.23360592506191,68.34983529594517,24.85820558860399,61.71947470558423,6.343332354891937,97.44049680861183,Pepper
117.74534682593979,53.86933811928054,97.61605489048742,25.54512555690965,72.0043722212394,6.476971054626261,91.37033174914083,Pepper
81.23146275442987,54.47605553261047,96.21874768549662,27.955802497943267,71.67666545250844,6.171303513093516,119.21534314013374,Pepper
83.62648354037353,53.344896572664794,71.33590778282375,26.4009039658617,72.15247151767878,5.653456832108162,56.53973165921913,Pepper
104.86518312172853,42.564598946075485,70.60723500521291,28.352455477380026,66.54183012003277,5.988060156269663,115.29122681166723,Pepper
89.08596355347785,47.792520347160206,84.25831102174183,27.55338929503972,78.0330677342541,6.415472987573515,102.13120594980984,Pepper
89.13323346373241,40.49618660085132,75.35095721422495,21.415488509878234,74.20775294876596,6.161130586825717,43.51773132971638,Pepper
113.46375116523805,44.97486532582364,77.28908301964168,26.679337354557425,68.58837573704507,5.941287802799943,45.250239626859226,Pepper
96.05774197040014,55.29695786439967,96.6070534874639,24.134971370633718,68.47171653758159,6.202627106323652,115.42176008842213,Pepper
90.68243760957441,48.80288413075874,91.83892974209205,26.096935693740384,62.2117268792791,6.127732735562265,54.93970276778615,Pepper
100.40863736313617,50.58206535320877,95.0481344889994,24.624942740124382,65.58884844471788,5.730966348216032,109.94015013474689,Pepper
86.84043417672913,48.51737121766288,67.48692459707787,27.733040401143754,69.48745279949237,5.851143690556812,68.88797125011735,Pepper
114.08856826891918,51.07547908588876,88.71471404525055,28.970385162506844,78.03483352081284,5.8285090543378635,116.19610105171083,Pepper
80.99503528058422,47.53671122032331,95.83195430035366,22.74636879816983,65.46162900642636,5.802622285081888,88.98507078775378,Pepper
97.53331102457415,54.53469672706685,95.79642570258663,26.741993749428605,64.08933440395151,6.432681902360502,61.15942986779828,Pepper
85.99577181312632,41.79934557721922,82.53534962664662,21.137624624806516,62.77551768225261,5.800030480595496,62.532240774757106,Pepper
104.1695804132857,56.334905589453626,90.4539862481157,22.624844547164766,64.9062099597196,6.4657915301069675,40.65889932735681,Pepper
115.18882132240863,43.9945703824481,97.89137292359072,23.423072848275197,68.80703547786504,6.207120613944381,87.01352411786083,Pepper
92.71757318827291,51.07661831735647,89.22827537451545,20.42334945902492,60.22398610511408,5.958066939072891,50.54692942428113,Pepper
106.57377165858858,44.28104912454869,77.31404427182684,21.97670936874269,70.9696717149825,5.616053459384569,41.84854822299842,Pepper
82.04526552426789,59.0851688303062,65.69144874443744,27.084782531368354,61.358524084456526,5.608160352235182,80.71010011274677,Pepper
98.59483720617375,59.03160618879739,97.7934181208295,27.79608642542465,72.042036602547,5.954960317393011,68.49428274627368,Pepper
117.88350187902222,52.05817622849371,83.16290110743978,22.319011217689148,60.933956357702264,6.445188579759544,65.09882070757232,Pepper
97.70356093297835,42.29279887171414,93.47697319637169,20.276318328559306,76.67981524198193,5.640285012787967,110.92512901049217,Pepper
109.1909054934463,43.2934052501461,82.63271971437872,23.126563143552193,63.56466197823167,6.359182199411109,72.28182132057836,Pepper
95.9417485746153,43.3977334961324,75.32262704343114,28.716168463288504,67.26257420979272,6.451603562499788,115.704711936671,Pepper
85.79594637229384,43.5462250704529,94.50696281327556,23.927609189247192,60.08747964566019,5.773871819705371,87.81031945564479,Pepper
111.97063863839873,42.66777234186519,64.42165457666941,29.220926535723315,75.02296735645166,6.089779600778078,101.53494319967425,Pepper
97.15417445226554,55.16911494618253,74.87211965098143,22.440945724926024,74.58026842585937,5.919672292157268,118.51016834609558,Pepper
93.97940729232404,58.43454841062132,97.31850194268318,22.41852947064746,75.96442363176027,5.933074505144565,113.40197817842784,Pepper
98.00497090540955,54.88607434674732,78.67869636655192,22.27800755712856,63.98700257889372,5.925431194256346,100.4395725611372,Pepper
104.20285940723068,53.772585798010866,71.2930540292777,24.814353459576054,60.88790529938654,6.31753241595812,119.19137297918996,Pepper
96.27516250498684,40.21927306263087,66.79170558203789,26.525268777504188,72.24158636407718,6.287864719585544,60.310720876885455,Pepper
110.54527662188536,53.759680430473395,72.91257990855374,25.454881480569618,62.94547616996653,5.952564503435583,110.49578716445127,Pepper
96.84765519301564,56.79133412950844,83.61013461038777,21.918767131023568,71.62212489395793,6.005983329157063,71.89130681571072,Pepper
84.78521758064281,48.3341732769446,62.91049504958509,20.987690513987513,68.31833065865432,5.805381481968464,114.04354606897788,Pepper
95.02823221521082,55.157162441442004,81.2099010546497,27.040856686423353,65.20231966030798,6.441904972838329,82.40707975315391,Pepper
113.25296285140999,47.30091386952227,64.00845396202098,26.737116477208488,60.15519296674849,5.975292976565508,55.42415221331674,Pepper
105.09502017741448,59.588397462757044,78.57611625282584,28.174982565256666,70.15568373902242,5.995840031104024,114.43387945430223,Pepper
115.59863474986726,55.71600930375949,71.85023013267136,25.450084157239406,64.4779446661137,5.943916698046539,78.73704526078325,Pepper
113.26560160677323,57.92056730649986,76.58480249585912,20.17704445073237,77.2354767957871,5.674278678501361,89.75055711123147,Pepper
80.99883601736525,47.990129505211286,99.43841208461399,21.006936011038032,68.47386303999285,5.807149950189952,112.40704987106115,Pepper
114.77360431629421,44.75397520612458,63.247511482017245,26.271383940611173,66.7273742376742,6.172084390606063,42.569580485425156,Pepper
85.33596940709958,53.72744465545287,68.49482621209991,28.575876757624016,61.171817754202706,5.715481982785574,119.88481987880549,Pepper
97.3230441034717,54.05931327089287,67.30652195428054,26.09868734985538,74.52212136738837,5.8144766358665105,106.31176895807022,Pepper
104.13670313889133,47.782460192300604,82.30569573372634,25.767608474359243,63.31070585387732,5.902732369866966,67.47444704155944,Pepper
96.03610890316504,55.222211769705154,79.3015362986669,29.403161532392645,65.87352826716872,5.915703578284929,102.95654483832331,Pepper
101.84098373283001,50.94056292848896,62.13360652020734,23.98599662718456,65.41467464843466,6.499335122831115,64.66840565058482,Pepper
115.37986139175453,53.52467470080955,73.63665636768361,25.43534378374124,76.81071759898387,6.383368298030912,52.83151000049162,Pepper
93.58292564832678,46.70446360427143,61.681791843037786,25.982377598518966,77.09640105984376,5.881574387825518,99.20287559873415,Pepper
105.1080165440296,47.51297470986002,65.64239197969188,27.093238527759674,77.0913033788248,6.185854492401492,41.430278722785445,Pepper
88.64931577563965,41.38959969767064,82.81544398304908,27.564776788404124,62.21158374137319,6.338337820593385,84.44071827163866,Pepper
107.598760485669,59.428036972172926,63.347239529907895,29.012240229777895,62.52205391974819,5.892958806636682,108.11509570648914,Pepper
116.25016946951473,50.12743347090291,83.764185531017,27.08147334598557,76.65517336905428,5.6215111695376665,104.8055446583382,Pepper
99.25104602046467,49.01246850216338,76.95599007987994,25.092115852460424,78.90101106789207,6.048203772792151,116.25420306105114,Pepper
87.21160522462563,54.48271957665266,92.48958154434989,28.79128831334862,75.17305700566351,6.064812781086182,134.70235308365656,Chili
112.86586388658,42.445774423611994,93.94350628123513,26.140686194404424,66.34242074989527,6.369768568013926,87.52272795971157,Chili
112.33458760707266,45.26807223911689,60.157172856888714,26.954591929029444,62.50570641607211,6.254375955524909,70.36826496763514,Chili
97.74582586413915,41.740671301831085,71.46636993789011,29.81490243258572,63.789697797557984,6.147159561126958,140.91684380849512,Chili
107.19347039030882,56.220433785844534,64.35886517215663,24.507318260020543,82.36347130601477,6.215105613618089,110.35092090150422,Chili
106.55066944486799,48.28401108609287,61.782265264706126,29.84441542070729,76.96783090538385,5.972804464112725,138.9735576905083,Chili
93.44638659940395,45.88643488462472,94.91185300317771,29.969876547589855,72.87449526620861,5.63073473945785,63.657861861155766,Chili
106.24911961635226,47.70082475680823,93.45892766663886,31.499550093322043,80.14092313187295,5.877545422995557,126.75550721545665,Chili
94.05766693882734,43.34200175531268,61.3357281946343,25.8571671276102,82.58898259243205,5.738986587755677,62.716448142276235,Chili
118.79283140964162,40.50008225701184,91.43128601575017,25.213699557408702,60.937198921741484,6.417802540209584,55.3606563230542,Chili
102.07117134902782,45.48108414859095,62.60771208738764,22.49922485663379,62.88891747090847,5.57136701388938,123.66139270719152,Chili
99.42264809133717,46.857841826979595,76.73475640528028,31.28946735572623,82.76879531845368,6.215676480122577,137.31506151638564,Chili
92.78592110350499,47.622186520165656,84.54848727416912,28.23625947297264,72.04249595030852,5.9006578484379535,148.47983427695647,Chili
112.84494504470898,48.6996039577609,89.09169908958273,24.695616932524594,62.50423315593325,5.8524310255527405,84.32700801357336,Chili
80.66148498242683,56.29584003271792,74.36773609556727,27.80418165780147,61.8490796817739,5.674996828750584,137.8663097860316,Chili
104.34750111531203,59.00568100340971,99.95000137565268,25.718601153330944,67.47007660208186,6.3583560551590965,149.84725697411994,Chili
105.18564936929829,55.90281445023045,91.26983435261099,25.55339708219547,74.35675950642718,6.333056941264213,115.6925263887161,Chili
80.84655255928153,46.73411337795067,65.77902786378421,24.329722120780392,82.63723693728315,5.536893288910768,64.1780783158116,Chili
92.38277408952926,52.337681439327895,81.36406760343462,24.18269482853386,64.10602668057886,5.736798034596119,95.27825893718212,Chili
90.84711142844813,58.952050032154446,78.55460885715391,22.587960165446372,78.23166014591584,5.828845288208989,111.88378252640723,Chili
91.18377482092927,51.4148748346664,90.88610019229858,31.28008741774554,66.52817861082693,5.834856950998981,91.06930623145337,Chili
117.08699350943955,58.02773713621314,63.59513120402552,23.319298257538108,72.38772943326596,5.606619272805424,78.01389606835673,Chili
85.9354151286991,52.72080710263772,97.97981726956647,31.967337702943816,69.38102831242287,6.099012637114612,134.18944188764894,Chili
84.69848291185536,53.791288221039295,76.35374646900273,24.061461602801643,70.06884046868605,5.575960286964917,116.49478634482364,Chili
90.10970674993813,46.22811290089756,64.8432519296585,30.646591138898916,72.33610698206846,6.0721468777864,102.637595140434,Chili
96.41972458165367,43.85059830876279,89.805309939936,23.270562653576743,62.59684475697026,6.2101450375965035,62.972072249718224,Chili
92.2709100541133,49.50454934003481,77.97405266918184,29.08579125064999,75.58579483608402,6.144396162281866,118.5459763721003,Chili
91.70450909693861,46.44666623600947,77.51990991582217,25.07462173033526,84.62344672427159,6.314051926421429,58.112015708163256,Chili
80.22376623527478,40.85566536494536,69.76253804171701,23.142912858368565,73.3334528723143,6.357995222727359,121.04252430045501,Chili
88.62436252328762,47.98598512051572,80.3157683812511,30.102058495033354,80.97804007765413,6.409718311907776,96.01697755531626,Chili
107.77098985743451,42.236007424678746,82.61155839815927,24.48691809471135,70.79292212566529,6.13405050830672,68.26845316391592,Chili
82.08740231187045,40.20467712817515,60.88638142178086,22.083497375137696,62.758876413946886,5.73948871457013,64.33436656005291,Chili
119.47186376719587,46.12012210417886,65.09683133437596,27.45562544167758,81.44893638493771,6.178060376787675,72.56902980489954,Chili
102.46464639165819,54.297119484008185,89.1241796947097,28.66538455297689,81.77026061939046,6.370105458344105,103.68302153477036,Chili
97.19425476444849,52.831405911302,92.72848005481853,22.05652104841185,84.79992522537128,5.6828937723292,91.72738842259739,Chili
114.88118939371466,44.50080798088399,79.07180895601533,23.32582180181179,69.87690813470482,5.677135454793002,79.99905236482726,Chili
94.93856867170888,59.86341579196666,99.79252117215088,23.147862786606126,78.14921948320868,5.551745479669101,43.32112168709075,Chili
84.21335576979857,59.30971314015868,97.63454191578789,23.939278202806804,64.04180838884278,5.740535086515947,96.71016934826564,Chili
102.78818528141639,44.431868608788946,90.26491152359782,25.09553169402651,83.05328313823526,6.156722706456731,87.99863137339729,Chili
111.5964800681138,56.3582925209333,71.61926422435775,25.397145438360845,83.39887884321509,5.664741038363272,44.63654586592276,Chili
98.16221290438196,56.024198004872574,90.86672425242983,31.195306289128325,73.330016609226,5.600064671566534,104.75578717696177,Chili
111.13582457412846,41.86656240539653,66.9062960439036,22.122906611556708,74.84131448617026,6.386734391945905,113.77296476023095,Chili
119.28160350363927,41.26067304999523,96.12004340605985,30.140682873866808,67.85603801248763,6.473526551837252,71.67315229885565,Chili
115.57218895312874,57.61497154148379,90.3063046641189,27.63470473812852,63.0000687404222,6.031971734496498,79.2475881220428,Chili
111.68868132621407,55.162584129936896,96.4245002949042,22.148301624317078,80.22758042057615,6.438462053124669,126.82304940189651,Chili
85.20777839481467,41.62558209681775,60.83380959230803,28.28745225828071,75.74181629649718,6.486913714218212,83.78474915145054,Chili
93.27625139589986,52.488498543687854,93.02434690030375,31.36773949523002,80.07810415447597,5.926673980615805,109.84056588432706,Chili
114.25197306864467,49.812193766234785,68.6674657482157,23.69723439747873,60.003943614451416,6.218237994981284,52.22069297305896,Chili
89.75356398783762,45.95752663045587,82.41519440547073,25.97957277295769,76.86684980057905,5.555638659328703,53.63331136908834,Chili
99.96846014133067,46.7392957569366,71.83253451005439,22.670280790375227,82.39297936870004,6.19181858612505,53.37799725016143,Chili
82.60183830948563,59.497450668624865,87.2469020175802,26.174560710937413,77.54327601889462,6.256331786480159,125.79584226276573,Chili
99.1150922261223,48.59765516249696,60.44112337075602,31.265571151418378,75.08269695972358,5.703153937189968,141.15637613635803,Chili
116.59727607081186,59.78368328732192,94.96226252555915,31.977843878200648,66.11715470308181,6.342249585199234,130.5331139675341,Chili
89.23761436882936,41.96875098001981,99.17682054710399,24.960245515206104,81.77229476169515,5.504127154674604,42.31272879415624,Chili
98.63485234785473,44.77429367870127,87.59365133743857,27.655643255679543,61.937144936262285,5.662628296315717,82.68541970642556,Chili
87.42416255821733,55.84444694487857,76.6428094221312,22.934318668424993,72.10857255680313,5.5908381810614145,54.18310359617989,Chili
89.58439328112821,57.1905541049498,96.98450129331889,30.26257729332069,68.35193043544618,5.772446441108832,100.4071259869263,Chili
108.87412642132449,59.867455763203495,65.26282847515705,22.492919990238043,77.35889722488177,6.3322257835039055,133.09836578530656,Chili
107.13854196308642,59.080316082383746,80.44019054178348,31.138147983362124,84.19530342478808,6.3471574570031075,74.07344195844827,Chili
87.84862604681182,50.96240129963637,78.12059001520754,30.777583421927332,62.500791776678845,5.757740061311519,122.69788389705793,Chili
83.79946579909249,46.415288280434005,75.48621576215933,28.225937965626898,63.953316142984114,6.36060449034971,89.22964590129017,Chili
116.68086847522227,49.35739827267863,71.00161035762933,23.41828828687675,60.09362736778212,6.032157484984836,51.78723666196158,Chili
95.66911054524712,51.78543522474173,71.02743587610802,23.752242923661154,79.36804056523354,6.44679117228162,51.04844596481626,Chili
86.22361297540031,59.200253145054376,61.511368872489854,31.776323365504723,60.11611207712472,6.373668655651331,73.80576990865245,Chili
117.54355432709187,46.33890577271171,86.17225286136224,22.800325697659368,66.05824528634348,6.273679346479251,98.15544390467016,Chili
117.11876247148179,48.57502816682708,94.79249463255692,26.489554374782376,84.48120696754964,6.459834381398877,76.20503761116883,Chili
115.43694681667213,56.952227484312985,68.42721589310251,28.2429040078327,61.81705788974537,6.336710720583461,59.20004718538462,Chili
82.83258805543058,48.004381910776225,83.07688554398574,30.54916958559771,84.35606313804341,5.939492512569863,46.64916152837972,Chili
109.96462316103482,51.30346512447875,77.91565379377852,25.092688787921897,72.55996319608839,5.838679604457031,123.27130545220963,Chili
101.75574785970565,57.53695548308224,81.74175658597768,24.3826241333993,81.27729705580361,6.057219044930044,62.75251419579173,Chili
104.94031239824889,47.15433529884855,93.77622449168263,26.53299738646543,78.16103395268541,5.595536207636237,83.56267809325809,Chili
119.32965745889595,56.16920578954297,66.39763209467715,24.77764049477255,68.24539522140903,6.1503655604954455,123.26942354386212,Chili
109.9810643523164,50.197481126128054,92.43282151352605,26.37078082757475,63.09701413238905,6.064441841653814,144.75315230612173,Chili
111.71974605570045,51.57401295384485,85.87222641396387,31.305620270355725,70.70856986087401,5.831394138942637,147.4965721500494,Chili
114.53772534041335,46.460871692372045,78.55122389443692,26.15078129007799,63.727391966785845,6.4578193238132595,84.47436743417347,Chili
115.01316330551631,43.7871245536133,81.91483242548878,22.239613851242698,79.10551209605771,6.080913898246278,108.8148541816728,Chili
82.06883530218614,44.22076660417231,62.973234894143204,24.889143158038117,75.68597519205377,6.066185984317375,107.33648037747292,Chili
101.97005085511577,45.46057591351719,69.78029989377701,23.370596835365813,81.2267718725873,6.116479358541245,60.516211375446574,Chili
87.08837519284958,57.460712030522735,89.70923455053277,28.593990799053714,70.1716026884825,5.761975564278518,147.7395839424106,Chili
111.88958300091201,46.03558446272553,93.90259185113979,29.589319486146813,67.42701374694995,5.92655285424164,60.45487899301293,Chili
84.44209777512438,54.45524065679393,70.70047429415466,30.200593657462534,84.89021778786065,5.576619813929649,92.03386375920704,Chili
112.08250237243212,55.77901793082467,90.39988633323874,25.48994935301911,71.3463313921263,6.09496835734147,147.13346419305827,Chili
93.10189083753971,58.46287775433716,70.77427672721976,31.89074465473705,76.7565921706898,5.963511480358551,107.47294708699654,Chili
90.90124676160828,45.483477150229334,64.54218175373975,23.140502977053988,68.69179353672278,6.262855477896371,106.87682843579788,Chili
84.10338241324084,57.044730499518224,84.05470507960266,31.608555767847797,76.75463668528019,5.675174863704181,92.11616985386044,Chili
105.93990390188816,40.56529402099955,60.59641056619232,23.29403000598568,66.29161087613677,5.929549123520675,93.61845211357672,Chili
85.52110435751587,53.46783158231662,83.8455224678614,24.944640988411603,60.3414970858823,5.577647915353291,83.08642530619234,Chili
86.15897404662735,47.53639212295941,85.1273041804142,27.472374278792834,65.77939707843485,5.843822491258752,107.54343182935156,Chili
114.43420112173794,55.064268774777545,82.1360010733366,25.622929983164862,69.12628193854513,6.379417310264396,44.3167933644601,Chili
119.51930577681044,53.287508217031245,87.24550796289563,22.37997837304742,75.1382318722818,5.984778060090447,51.635679758347365,Chili
91.11688043077436,57.80628912427302,81.99953663463812,26.134165751739086,61.817053896020276,6.214121527402305,117.31359057356359,Chili
104.56174427890254,50.20525292441299,77.3513760882949,27.932710929879924,65.83488629321016,6.441259064177648,104.76739820982525,Chili
92.44769777417505,48.993597017703145,92.22739155507568,23.616160607302973,67.32089056150652,6.179508022736555,74.70381271304463,Chili
111.70006727445863,42.60906974354722,90.50744681818435,22.68351714850566,60.31481531668737,6.398223518832162,103.94731386255285,Chili
94.07307588347246,44.65189273927701,84.67543133043264,27.09002183536738,84.78994438824964,6.483215986653746,109.85270227557706,Chili
97.71482024423563,49.82281938269324,87.29916264947448,23.015745442353815,68.20880184526796,5.575272241003604,48.06968354686115,Chili
87.83356967576935,49.70506509186454,91.39097284651157,26.854958911658727,68.38691526402174,5.582352990336759,100.53250755014426,Chili
90.85074345932708,52.29868355834295,99.08750956529673,23.1131432147755,65.3031349680485,5.9730945380993745,146.54751968805226,Chili
110.87239105079982,57.96458386325661,73.34859393903172,31.920384737785945,62.57082040160393,5.552972906046101,134.1162889759431,Chili
117.09059480827945,41.81170715092203,64.53709706983366,22.33174157755774,62.6126890660681,5.709419816800281,146.7084280801001,Chili
106.71440888958722,55.57106051037084,91.04557614766088,27.350737497792146,79.93722444282542,6.095807532389969,74.60007073636933,Chili
102.44440435073602,50.67017172269027,92.93812215037283,31.81727217381659,70.27606413552326,6.263390678441359,50.97393044419469,Chili
111.07325477793154,47.428338239864644,61.57560651558747,25.63246178562177,75.26606877304113,5.619250167681466,141.643794167328,Chili
83.10689653091355,58.60013439666332,88.28550071742745,25.297121754142037,69.76875869272733,6.240809364732744,106.16182109693281,Chili
106.8657168581978,47.7832923302696,79.51253927230397,31.898674840378934,65.34807176249294,5.9178561865221315,72.10055063313641,Chili
110.604460417594,55.280252513314416,71.69781843989584,22.81390316632983,60.2858169168051,5.927450533242485,85.1371353769348,Chili
119.53559514559453,49.39604151395359,70.25673478301682,30.912294410314672,72.27669874133946,6.099175635210578,50.523558147103394,Chili
95.31665629319096,58.88447348947574,83.58021536701702,25.445018551424617,75.64167951578983,6.410411089578116,70.13896605198491,Chili
100.20466873882697,59.173813078235106,66.89584573193811,29.196639255967114,75.36202520507456,6.179675131140635,78.63415937343267,Chili
92.5551749393506,53.68419341176741,68.62173140418182,26.196547448590053,64.70436615132294,5.50830484112333,146.70630960418765,Chili
97.26811914625677,59.386992288396506,65.61294079071304,27.87366779457486,65.02435081978099,6.290074126963274,126.20732876370727,Chili
84.50428596157248,58.24128905752778,67.78518588812898,28.129773415893602,84.6408405021926,6.382396534766364,145.2220321417286,Chili
93.70395084872477,42.11151284438927,67.533874931578,27.00494895076614,79.83074195683305,5.650153644183876,112.57046854868328,Chili
92.94310416158048,46.82404144784307,86.47670920631705,26.6699941953322,80.30083232564985,5.655918509662827,126.89430967437423,Chili
82.56940992229684,43.8810776049121,86.2459885801266,30.54925656511071,66.31699069348373,5.827191605828913,99.0832823115414,Chili
88.4629122595721,56.22312523175012,90.94546580023044,23.452917119657815,71.5957432954158,6.274827766654622,77.10624842137562,Chili
105.32427290870928,41.00426242915145,84.34755042117271,23.52652980000607,80.76458312786129,5.855449463580478,70.97092490010152,Chili
113.6355590684594,41.002880461436206,75.86435197337379,25.700035405750313,67.12000935623877,6.411754332001477,122.60212328683944,Chili
82.55692656767755,54.29374898869908,81.09196532515176,31.00867894401579,67.82364043370896,6.074161999609583,95.08308022150845,Chili
99.58243624910423,49.122107990344254,68.22517902129125,29.557099224923927,71.28340081848222,6.458516275002606,68.68892699120539,Chili
107.30975358508164,58.81434159278217,86.5383329206437,30.712729076173947,80.68702399392515,5.860117715489004,106.01363339334462,Chili
86.25045359245422,50.71051765391199,69.21687887257349,29.437368149524456,73.20146054730311,5.91122736263166,69.56768057836753,Chili
119.94793927365147,41.43421041769865,61.7424272228968,24.172574004938646,84.27681146569549,6.479238168319984,112.04205082493496,Chili
115.20426668825618,44.279234616815906,98.88168376706494,23.427848501395648,62.528129704541456,5.612211539247273,103.04407155998211,Chili
111.23897602872209,47.33334355749266,99.11583951144506,26.344201381183296,63.76121376933041,5.965966748186137,114.69408819646839,Chili
113.28903122017515,49.17536579913186,83.7442730419667,24.673447121588534,76.14791316013785,6.485971943950344,45.39589298465732,Chili
115.46122682820672,51.24565005535045,70.083946382492,31.54889710009258,72.08385757647247,5.831690251673385,59.964739109792525,Chili
89.77808841026649,56.65698083182885,84.57640037268663,31.13245619488316,65.79921130394465,5.621138573848901,40.6696284073149,Chili
100.31448150463976,59.96613860763976,87.79861075274556,25.083945919651462,81.92146457565428,6.28172226598796,41.69566826841932,Chili
112.6744192216409,46.01053514476992,65.98693858334404,24.263308397370746,71.71449510937848,5.924867927068011,71.77760293116495,Chili
86.88873288828131,55.24461579284338,99.60439134939668,29.777915804196905,67.39842419178854,5.744808961412133,63.94324636725321,Chili
85.46780297956145,51.02661099384602,84.21601487813376,29.055026606631372,77.0053342733417,5.792333311283382,76.33421059365313,Chili
107.26058141769352,46.98895281567257,68.50492758477252,25.743361536967395,66.80210393944944,5.5883127212185775,131.3152792504319,Chili
114.12445556628145,44.39500600333759,62.590887981008066,29.388274373511795,65.28821564658534,5.89343548943686,47.054877746112155,Chili
89.05078339033741,55.858045566592715,92.17585787660808,24.070848248877105,68.39784612766724,5.634238419093744,48.15898933134146,Chili
119.68686857793638,53.11187902489678,81.68386036793275,29.654985004052996,81.0019289921931,6.306714768044728,41.819339421886426,Chili
87.47231592761995,53.09810604235662,75.03037391215852,31.824826510611068,76.63511981595636,6.456548908729206,62.159112981037325,Chili
114.55828112460092,46.42704611630451,99.58259232951227,23.576886720731473,72.90849547095817,6.292844533837122,87.59067286644395,Chili
98.72336240750587,59.72711591011482,77.01232601204613,28.040721005990637,61.36349151687877,6.34221008021026,111.29848538774978,Chili
96.16080411451254,40.3233907990904,83.66675282374015,22.12657828484162,60.03009034772545,6.116098562149355,60.791877406800964,Chili
87.67550198872381,53.06543131665487,62.14788751757497,25.134055614745563,63.735797553550476,6.080176369796534,112.79416702001355,Chili
108.84543414396174,45.10462433837131,63.56999006546336,22.786836569418977,70.65378871126809,6.445844409062715,63.950193767172706,Chili
90.26966405366197,42.01777604211718,84.22281095575721,28.79872873947175,76.073280204019,6.361130243044781,93.5068418528679,Chili
85.37828163068258,45.78810261408825,86.49719893685408,28.1312197374156,73.27507824357406,6.182964418688687,110.11299354106293,Chili
115.25299557859807,51.72032754956593,91.14405434802225,24.487071559664678,76.9545646147267,6.402194118382676,82.43055606898166,Chili
111.16416749354586,54.49578602390871,62.3810478748729,27.815083096240723,63.25473373002006,6.467319172230591,129.2548252970722,Chili
84.38895204988481,42.43503995295357,83.77895419650476,25.448891741731835,60.87264647682773,6.041641507833053,82.66296096544316,Chili
84.04305969486971,56.03840784511965,96.60307061115225,29.5659393401413,80.56055775040693,5.716490567266117,68.9930246010461,Chili
88.3411016119675,55.30126862731128,97.91668315737988,29.16837206733903,82.0366691219889,6.138699094883172,82.6425890614679,Chili
97.03046459721222,41.506428643348094,61.25828780984104,28.954756041890775,70.96072230027951,6.05221506805463,101.34273723846579,Chili
28.32127439999904,59.03570043317963,58.83040886670809,20.04955387596214,74.62026150203212,6.451164003687596,110.36445245059878,Bean
46.86560361142478,74.6493449143569,75.6168881511666,18.51006495404518,51.04947464924189,6.261066799895329,77.87073456207087,Bean
47.280809801749044,65.96970931351882,43.26815838408915,16.759921748144315,54.67028376625926,6.630421748168923,123.54140255070031,Bean
45.789317316961885,77.62546203224971,48.068182295457675,19.02704230141264,57.209686422344916,6.3587615674661375,141.46651074237494,Bean
37.25337700818085,69.52767589297997,59.604769445071284,15.375152873369618,51.92586457993443,6.537923031267885,121.87890348200257,Bean
26.459915825861945,68.87638295969217,72.4266309393405,20.354667218707448,72.39257698532315,6.40402995032846,117.835062945502,Bean
42.91991147958629,79.67706473232442,53.81586648254384,20.34353014746995,54.96860178230514,6.204073058401807,119.33950025983778,Bean
47.51136770463428,55.78419806644962,47.19377787342165,18.706293491978922,63.65155114424416,6.290650329365368,73.35790831218662,Bean
42.07953466271239,40.31379684962493,61.569221093459326,25.3189684913868,57.986848589524044,6.603291510612017,116.89001056186179,Bean
39.6507408921527,57.833985367948706,53.86311951503117,25.867012949361573,72.75337870999593,6.321255173413912,60.30191944422061,Bean
22.154226363364074,43.77103911595744,63.314774447681714,15.671608285776866,60.10780624892115,6.753199701914229,79.4348166515378,Bean
42.899242315403896,69.81868152828221,49.83308530532865,24.47468834120569,72.43329914816303,6.397453925667027,71.04204837415182,Bean
35.638124206756075,76.85590352000786,65.58466929728247,17.247992469154397,70.4827077420056,6.427203027281834,109.1528797355373,Bean
42.02192105069324,60.597894060577794,72.55935898293234,24.38802253111616,68.45220020055532,6.150792815832352,133.59491109115683,Bean
48.077167559594486,45.478604952371796,59.52964517733722,18.365553645616558,72.63569922276693,6.7216296360047,64.08851205703988,Bean
46.31081813784911,47.23892255912009,71.8903610259243,20.940744675164062,59.84816880674454,6.158239262674213,66.76142561466294,Bean
39.856716641027006,62.01721551788482,44.88341686604931,16.465072185698226,52.16931724318374,6.743767347373544,121.18820852292892,Bean
21.752929725637255,62.41080302387892,43.3870462097076,26.74869501791624,77.21352257540397,6.69823298981313,142.618892143945,Bean
44.34359091241072,73.14154303708197,62.78831402279733,18.978769576810286,56.53397345349265,6.327200022038929,112.84954300890621,Bean
25.179696074971968,50.34560946549286,58.72243451181858,18.02965128082,67.65931009148184,6.9231760284563295,124.80893657031264,Bean
39.992798424467395,63.30885903935115,59.51791637028259,17.425330175250576,76.84131366280596,6.248536002012837,59.130887757816076,Bean
42.500455376860856,47.02462137324665,54.87583998164704,15.367704067782736,54.11203827621344,6.173203630759912,55.441012775017796,Bean
39.699708698685356,73.4803118321247,54.93261625463764,26.369494197336607,56.4003972368038,6.32539042356124,65.07369930311684,Bean
38.61677586256996,56.794783634812276,64.53133387367595,24.901773770124386,66.37109048098846,6.627630354901788,143.5250314394333,Bean
28.971929288265294,54.36655754535813,68.70813446837347,22.946971721720026,55.355987136191445,6.37614731001049,96.7838013124715,Bean
32.58169513905168,47.13099233288163,76.97720367137049,24.910143902021687,64.44067496323557,6.680061028306836,139.7282672135522,Bean
24.085224270847135,50.01492202827911,61.7080498902658,25.387134827580663,51.08764686324582,6.984018150196361,95.49066028823972,Bean
30.77693421865169,51.708977513590874,46.974268306034865,25.290460816090363,78.6624249423829,6.413644754845398,145.24206947534563,Bean
44.713928463051026,59.24204509905273,66.9610471650453,20.654794329216017,66.76170224637657,6.058046337018504,119.62634753005331,Bean
21.5847393345241,72.68339787678599,72.9978771784223,18.08200473823079,59.709883431074005,6.481310378558293,109.66629069324816,Bean
28.620609852259904,63.699456185277,51.91148292917195,15.721379373923789,50.07582649495727,6.101151057918429,129.22507001640182,Bean
48.842939371500115,57.07864797124877,60.50735813799771,16.90902619795454,66.53094058040472,6.144654902006977,111.12143311988301,Bean
47.99776002742561,47.82794157212158,70.58254872228409,15.305531496638213,61.26491723964863,6.110748507830509,85.24754415956994,Bean
25.206107589166507,54.932199604915496,56.700912244301215,18.907684596151938,69.69865848419387,6.918852051258909,90.05953741052724,Bean
25.770294694250644,50.82891032783934,74.16003293985476,22.43131640251192,63.65033096920872,6.1496367215089265,94.9727308323782,Bean
28.3547601007216,77.72652511413398,75.36280437662924,16.090733043766573,65.49960467783728,6.225058345514672,91.07770895242906,Bean
46.30543994754369,61.10058079554179,53.368611734830395,17.70254860336496,74.00974578219467,6.624518015364347,96.80654604262313,Bean
26.52453061588934,53.36985496628525,78.39373706954075,21.761169188875847,62.020978437297586,6.521422042348324,127.89885058996087,Bean
30.203268095086063,47.148244837304354,63.39744473356191,23.64765334525387,71.38154008875648,6.88198759076613,87.1174120689113,Bean
22.260646886866752,78.33394334523769,57.40047709749901,23.102347625750706,69.98915969384876,6.5465137087012035,70.52575297362701,Bean
42.654291503484245,72.15007897216327,62.11902344069759,21.351295087602942,53.41814549383956,6.083951661499784,83.95648455635288,Bean
29.325384665521796,78.14625803853085,71.3449096977372,23.57901583836778,65.52944267052816,6.167367530726652,147.8456672184284,Bean
31.2512209472063,44.27702409788979,59.751955828629846,26.36197415097008,76.61873005331988,6.010965916056447,138.62957447513998,Bean
28.144526524995754,41.558894558736924,73.91161081451497,26.23026782784671,67.88693239527049,6.574433757296358,131.31202726214195,Bean
43.58928658130839,75.60421893770817,62.10989790386814,27.579412205526513,79.88440492800015,6.116544609998632,134.95437595541222,Bean
34.99466773245767,55.50265353199329,64.5228923953086,15.727552244406091,65.19383356301239,6.870890570026667,71.34615161389688,Bean
32.791696843082754,77.57923550859502,57.14255351222789,19.65877922032118,63.216099443701346,6.519452766517556,113.19913441314688,Bean
44.02078402750193,58.08408823057257,72.69923740360562,21.938368597577046,60.15441531103933,6.657950828119414,121.77222547434914,Bean
36.74146926888463,42.26459892538894,46.79531500643299,18.708870371572967,58.4787681785448,6.673420800246871,51.83486616736326,Bean
42.670453311485595,50.61369899227733,52.400873848644096,21.862827763271014,56.477768028168725,6.884471313575528,58.53687793265653,Bean
33.331470869031946,73.9768907781956,64.63375577684943,18.800283705954236,62.62280623329382,6.7066943803425145,147.32607433638992,Bean
46.794161551383006,53.69731233529507,79.9279151715143,15.045560625903757,50.82889267425245,6.823840515171193,69.9462686833052,Bean
21.823078051887226,49.48592292946009,57.04400615923441,24.49736151563426,68.73006579653617,6.23762121756042,100.32704481005844,Bean
47.78642316195706,72.6003110793503,52.92759139327174,27.769439297624054,71.25861201305393,6.062449355666782,53.516071328863866,Bean
25.0522384703009,69.11423472200588,47.34955703369712,21.649327999714835,52.79780360542495,6.9208861578301955,84.39606135835675,Bean
47.24396169681893,77.79502567642177,40.24514589254723,21.033757433583517,50.73968167120679,6.908692766302906,101.8407544734576,Bean
22.248320380954905,44.411069131062675,55.34036097970956,27.223044507347563,70.78727454704243,6.867618866189132,86.64566463399797,Bean
21.29641098649995,78.97270548817656,40.686919626494785,27.319471490054156,61.06032271547434,6.010090405021882,118.91572317245083,Bean
49.41620912094062,78.6250289135037,46.437480448096736,17.356221478860014,66.9661674385898,6.637304826428324,123.94179136658656,Bean
25.431510814164426,78.36028347057737,65.54957025156952,26.01160994531721,66.20197145852515,6.414276847589883,147.7182906594996,Bean
37.463641124595085,74.67494331196716,78.1316958546516,23.77961015111257,66.46816035556024,6.003510850910651,54.001964073900595,Bean
26.02553648153349,47.44033727423981,50.190351807993814,18.96415029006959,60.80196480652185,6.420537690068876,59.886633845601466,Bean
21.270857958583463,66.95777796292094,61.493392993723106,20.773874628861556,69.03319823505058,6.82767940720354,92.76929091162046,Bean
39.23358395155938,78.14288895340636,73.58497983446243,20.538010536531324,69.34150513444229,6.17707092191594,106.05221848950899,Bean
49.43984873415329,60.73260460810089,77.10553196760588,20.29535396654239,79.96534481553894,6.579220035227558,54.22689942359345,Bean
37.60264390074164,50.982907827183865,41.29925288143579,25.671092961030624,58.27188910942267,6.796548554046499,78.8217582955867,Bean
25.82979061621323,78.9574229641771,54.465813110200784,22.817890748761087,68.29944478443414,6.560473482173502,141.46957435212147,Bean
40.233232141006056,56.149320164197206,74.49521538097096,17.353817688507537,66.32710272831252,6.9505503719437565,112.53976298804128,Bean
44.50905351424629,66.14242902180771,73.57483454151561,27.278342437988165,58.1876518259821,6.169661081256719,98.399075033254,Bean
41.05587280472648,49.08765012728864,40.164058017206685,19.45815650587717,79.06578006403365,6.694967460605847,90.13254439412239,Bean
25.77728292040521,54.24358695018988,46.79357733204992,16.381975677068368,77.20227117717661,6.997650338375474,66.41144395957903,Bean
21.635676766348393,53.189244285848496,58.46636723045661,17.66267621198611,59.042747353956756,6.200870735691658,127.42605684324514,Bean
41.37733829741782,65.39806063043926,55.48871428316819,26.817532237085068,79.08597624605059,6.173639312625412,72.3012641411878,Bean
35.76893084001109,43.65002277128981,57.457935952924515,22.563286442110233,65.66220713412,6.330908583078026,104.24458060772068,Bean
48.764028627765434,48.240696171655046,66.19325433576014,15.564157024028674,51.99249213444305,6.551828224223585,60.493918032794944,Bean
20.67040365280572,46.86051990592089,62.593966839982976,24.143432408746122,56.0743569242414,6.6682594372081745,68.24763310992293,Bean
38.403722798937714,56.47838719583196,66.15198037334467,27.935685782230216,78.13450895697686,6.004281757836104,138.54387643623056,Bean
21.994723855242995,78.1218634463938,51.273027163987386,19.966452795346523,52.74914615527184,6.11227275832891,122.67405652293196,Bean
48.32996707244875,64.42993979817238,68.63400062107245,24.905606679762997,57.88442823658825,6.045229630920215,50.18727439191686,Bean
30.51947848862056,49.65856912796865,42.49270900196743,17.333867802417668,53.73496694803843,6.91487838061737,64.0267213459169,Bean
36.12945391963038,63.72423820448658,61.73957830834535,16.287733644807844,59.563950852516534,6.051270332463154,89.56699140963161,Bean
25.65796793814776,62.46530133137519,67.71233575396403,21.917558182661185,63.02710089834187,6.3873334208566925,134.1691768097004,Bean
26.581041951958102,69.36873358115476,70.29929298960477,20.449600094519546,58.91901797676918,6.470541486045975,59.32139258926985,Bean
21.377900966872698,44.46412797807567,47.48580125848905,21.554298664394558,75.47409908483367,6.235642331999687,143.5162010746778,Bean
48.647237268050105,78.35618419380822,73.50250938705295,19.729725530370366,52.18051733007869,6.568818731766495,105.86814439372338,Bean
45.49927301328786,79.83964203784421,60.3262922624059,19.487652403517195,55.57705134668801,6.004799824817371,100.91136924888792,Bean
36.66556000107787,72.9975391926959,60.18307871571203,26.914088532658734,68.84250429714307,6.8403362382210835,64.8301734807747,Bean
45.66008390906944,67.00575417775394,46.809321297533224,17.46692625589814,77.79501857132664,6.0322153604503725,96.2534943295706,Bean
29.404258698023046,66.60309759993712,73.58517550275968,19.684915580235405,62.80706261968511,6.981917784501414,128.39165096792027,Bean
46.91612392795374,57.55048882606519,49.36304815936461,20.35422505002387,71.4827575349454,6.1094304048359795,77.04691056165089,Bean
21.399077013847712,57.293909533525266,73.09782943918452,15.32062794787414,70.25970580421497,6.93249587451374,73.69278615111823,Bean
40.80904522182944,79.00407604400802,78.49112240609853,18.054079509378862,53.00993159636206,6.148282537895916,120.20356684821422,Bean
41.77276626359827,66.96946246512796,53.443135509689526,17.207100216855586,67.4228327585676,6.483680445757867,122.88341471223035,Bean
33.240802360568644,53.545587787458736,51.73914309436057,17.749114160646705,57.97239128559984,6.0948304388441015,84.68570109288896,Bean
21.097094370888748,47.45655388665307,69.87081778477716,19.231096852796092,70.04711050932032,6.7168841755972775,108.11853427321135,Bean
48.76093224096195,40.857594664924534,69.54610602352568,27.464226371225305,75.86815188058819,6.167892691805013,82.68203062517321,Bean
25.17355519629396,64.05233455258816,68.4875192791797,19.121959001719755,66.18519721952886,6.690920570071195,92.13398166110483,Bean
45.62046591366378,70.86199741151269,42.58662175402283,23.074628888180776,57.05976652879249,6.557518264667276,145.68884426329663,Bean
46.371860136567506,56.180656124605264,51.66055433377414,18.047274677307367,65.9754460926956,6.114248453258057,104.92750081282486,Bean
20.04000918472376,52.95398522983379,48.797372553223255,27.625844269490166,71.81726958709936,6.349653380462238,59.28450865306205,Bean
35.50401784071872,48.53791525304169,61.45718183593431,25.859710604325603,68.47377656304155,6.633788419545002,104.10302890628114,Bean
47.817968978942275,77.27610737682413,60.50892804294209,18.974873332865556,63.78761017638332,6.186557912195616,113.63443153180893,Bean
35.002770073467,44.1320191125312,47.90591124478461,21.235215430593847,76.62766972156575,6.566390720631097,118.15350002084708,Bean
30.17085649231729,62.85645572176937,57.8951929055227,23.56868886410109,51.51726698237031,6.493300216238959,79.5992625143967,Bean
29.785551838337277,78.43669726232245,47.30779250845531,19.046188283521758,65.29677727192615,6.863026948149623,91.66700832063705,Bean
42.31595842664513,74.2549639285921,52.40065423287396,20.10575238600323,60.69668671065069,6.832855808617921,54.434686195360115,Bean
29.2526326648604,67.1763423038052,62.617739982613706,20.671761670818025,66.19844681664154,6.197584585828318,93.07166216080104,Bean
35.05108952529047,76.04756487818406,50.43340651215905,26.281770528144122,69.32724202477945,6.020340831067601,122.46313368993937,Bean
21.06655632647165,79.89524507255253,74.90546750764791,18.865468718020594,57.72233690590116,6.381441082105609,85.6166965314443,Bean
31.170134551561432,52.73106184477922,64.84533627393326,17.135427628368113,75.3794387733804,6.812402484031315,97.64832078552703,Bean
45.58189895835643,49.88580280121173,40.70261822815868,23.0497030253877,63.737282208941465,6.567164546295871,139.9339409018403,Bean
49.097767206978304,65.37812559022413,70.56222359409753,16.089509635333137,54.82146754674517,6.733204804952977,93.13654563880019,Bean
33.37895811213217,52.34430726541746,64.29425533910975,17.407145590410636,68.80748837941687,6.17379885713524,56.38260347097136,Bean
29.91073066097183,49.24561368039391,75.5596655422533,15.714394900292145,55.29841077722369,6.54871960558305,98.10671908474737,Bean
21.375560551241048,40.29009712060578,79.52271767844599,23.564851104664896,60.96218392704671,6.470432247663242,76.65501204542869,Bean
30.346213510796293,65.96177869072855,75.31247195469483,17.393690300055404,75.21084516155956,6.121556629518269,71.49922235883912,Bean
21.11525864148938,45.632474483719975,76.69212581856202,20.97270370603892,52.329975853350604,6.959726838038962,137.89923077586502,Bean
42.640475626044235,77.33891167790232,48.805176833430565,25.87280080913112,70.69973589062919,6.8697592495676885,129.69115657426298,Bean
30.39485189530475,70.97594148069022,50.498252119395616,19.271698119364714,53.23717151668929,6.935076615980469,79.10033634002815,Bean
35.61867395514356,55.6533134586477,78.39712482334006,19.35563922220027,73.35637464268066,6.85541615463118,93.5606497480966,Bean
31.345154433587936,69.90983283730512,76.51583921224936,24.814112529939095,56.81379096775597,6.888307747437706,88.75816674368332,Bean
37.28688235333803,73.25742477170844,47.53579069601969,25.19863176380819,67.88488393732032,6.893341641827608,67.1970401843543,Bean
32.62046711122785,73.3137237146735,40.769268138270405,16.458617767953356,79.71695638270204,6.280394178590351,147.55431937239536,Bean
25.475946530260217,54.443777720293426,70.11477778014282,23.55111929409632,67.43367199787167,6.529899175805007,134.344044366474,Bean
27.048456885001784,57.69883707974074,46.21809168625829,22.74724074449916,57.5163327281396,6.3338420643433855,97.12507166235281,Bean
20.803117571093836,43.677517436833504,67.43716882832878,20.576609749327595,75.94370665999686,6.694672003644199,50.81009416473224,Bean
38.501369923014046,43.74899464238866,71.23732719161977,27.889599947620525,65.93596382724535,6.682779500194131,73.73141608947515,Bean
33.12793231261381,74.24381328945535,46.69691790985005,18.451962872978907,63.36301025858091,6.712248891844014,87.58839547956738,Bean
47.831968393490115,43.778282050748764,54.8321679017939,24.216403604569486,56.779602969844774,6.656413134229673,66.42169582273459,Bean
21.679408545850592,44.84062866994596,77.19939132536538,22.172761478214166,73.89037326438947,6.332654500905051,109.26586478854466,Bean
34.84856401114975,77.82951837609176,69.90298544216441,24.497054209455527,51.39059808302839,6.549669669003691,96.69914539018149,Bean
47.835267998185834,50.29367952758129,50.79333813164377,20.347501235459504,57.30109140219128,6.129183917808749,135.74148466508007,Bean
36.74829573211748,74.45450875826268,73.24539061614783,18.666550612265723,66.43212332972823,6.08321770274007,141.52518840307584,Bean
32.12788145195459,55.74704735556085,52.11021482471813,20.98862868123915,57.552781596363445,6.374852272796804,129.9947048584882,Bean
45.02766510755515,52.16729910514064,58.760577222111515,26.359657091640678,51.580199954890915,6.889144961995785,71.91843456523317,Bean
40.35617732643128,63.30206785538401,62.117629927570086,26.171682921786676,53.04716430933984,6.347028025325636,103.82527463447656,Bean
44.33866561838119,48.65772333646686,72.11719365497105,20.195300272421164,55.66741569301086,6.758986440443483,59.08989014745478,Bean
35.44302122226329,42.55503135447554,54.2567142063115,22.813998387083103,66.6834662446164,6.404655417904666,92.90479939721158,Bean
26.803086600522995,58.23530353696412,78.13019422883337,26.055887931189275,54.35698607229031,6.029780787320921,143.35243127166308,Bean
35.80249249642243,61.51351292597231,71.22871982826089,19.090956660327244,64.45722706508006,6.968662913146738,117.21486869324072,Bean
24.612350959873577,45.329069919374135,48.17059033332022,24.967251767469328,58.86131011521848,6.02138884667508,144.4174363505662,Bean
25.09140249184732,40.38232744592274,49.48526409533292,18.055374232535737,62.66015752537169,6.920389831500037,137.9184917779098,Bean
33.706836649472834,56.43599619967226,62.20036345899405,18.164902155632955,51.56554975899088,6.939224136171207,68.66989848771728,Bean
25.952021877371493,58.89841315415791,59.66453379361323,15.239644726109645,54.43864216321912,6.378154818560741,118.3730693510539,Bean
26.852553704958076,56.92057784967051,62.29380258865867,26.551702430102797,59.7821150698137,6.133558265863483,98.92722258976082,Bean
42.401648050521864,44.394390282109335,56.987339667878416,15.231206836412284,51.00677544941753,6.482953363216666,79.81972981509294,Bean
45.35321897016236,64.08617224505818,58.15731846971961,20.303159823705855,64.9173644056869,6.040438831212661,139.27933564206597,Bean
49.949094672018745,47.25948499434794,44.81531859098479,16.866507024831737,69.83081174703102,6.661440838450774,134.7924162278411,Bean
42.5547916527876,57.98758693477359,64.51421446261276,23.947700714784105,65.38209410855676,6.475650984451637,114.50974456426533,Bean
36.72423646926961,65.75769221343641,64.51419095853456,24.34955528667751,69.28410526348628,6.519742486437267,118.17968112843865,Bean
28.98963930370856,49.66684903890404,40.05672880535662,26.479713177166744,71.81310453217282,6.4720489647757145,86.14783340942756,Peanut
27.882664856566237,48.071983253687605,42.821371809492874,28.182435942893925,64.9936212867865,6.108904861030038,118.77730355454815,Peanut
29.424733745832953,75.05408452108767,57.75179363918915,24.27926898433412,77.92031045923244,6.3615642842499565,66.4039947076413,Peanut
20.519220367078418,43.59942225398483,51.46189594215268,29.778078413933684,71.1703230632165,5.873261732029269,138.87160946127463,Peanut
29.062726629569994,52.60954513604084,77.6487811498263,28.796141329541424,76.87336750838881,6.012284743050213,128.9438398815455,Peanut
23.587067185291037,62.92891830224974,79.35383691390183,24.327667444143692,75.88704658495351,5.990478407208068,53.98056832220873,Peanut
35.26038795631335,46.74276577568451,65.25894268531,22.68531355237578,78.9373479499193,5.7917238871803605,72.6464691677395,Peanut
22.582728081326685,77.84008773356192,68.4761496976522,27.93328710974471,69.9880912276049,5.974727785270483,61.00212429914767,Peanut
31.196821911679834,49.87665980435162,79.08581331201623,28.372647520121177,68.25984120385775,5.651341258691533,128.5331691138784,Peanut
22.44107534162632,47.57335013988282,48.460820709769095,26.455125106184756,75.74113307980733,5.8143148787246925,58.46698142752894,Peanut
29.290769270488383,69.92440964639742,48.86655372349553,23.759396384314993,78.94454054693422,6.454153727119178,149.04657320615763,Peanut
36.15319203149561,47.52736676671782,48.47926083197045,24.721801932179137,66.36265062666982,6.456527749078009,128.90739828816936,Peanut
34.48017584323108,47.43852896232527,76.38102237449318,28.62296303604939,63.272836826558475,6.371170331960973,77.22475363704713,Peanut
21.61739491664212,66.2728922605684,66.15218637537322,22.759456076524945,66.37703617873164,6.492814462255539,117.84266670087369,Peanut
34.601503332066585,48.51669142417222,43.151282840156576,24.215213517927502,64.97796770386384,5.734544100748053,69.27543218870396,Peanut
31.495113813108087,53.12413903367287,72.81380060190122,23.471579342779073,69.29254141737088,5.51365783642608,98.1682322455192,Peanut
21.116764417529488,79.10894047490575,71.62368514601651,25.920891813091643,61.731747163587,6.0924454407904145,125.87637507018775,Peanut
23.814345060094904,62.72833363149964,72.56843593531471,28.14598222117053,76.05984035734306,6.37932342486972,143.76821021594702,Peanut
28.11042310407072,62.75076410091509,71.62638104182443,27.577118511566265,79.91040456528758,5.513677651104644,85.51332153157907,Peanut
25.62055852540405,50.49263400662139,48.90119129995543,27.67299072652183,61.69518946550644,6.241608833943339,119.34258420162735,Peanut
25.01608265001793,50.11335132660645,65.15442341378008,28.097368843869422,77.5297122617473,6.352139563854475,146.4882994163853,Peanut
31.627697906730223,76.34622245361439,72.34053093041643,29.157340994512108,60.232532025707336,6.465902991865811,97.35301628464782,Peanut
35.96365979149686,45.08816477351124,55.83764383255897,24.171685304167926,65.83317541001874,5.623255619950882,130.5763832543007,Peanut
20.184846291621565,52.5002182794081,46.976421728656604,26.712311524866724,65.08504805229087,5.7589984545281,98.83381439953187,Peanut
33.053780786818514,44.85218818260655,47.02045809861985,23.977397956756143,79.47496428235921,5.89715249994292,109.89900906310265,Peanut
24.830856254319556,59.618381006299515,42.96476697543832,22.277937167378617,69.3746705364292,5.898659287518412,63.68803196918277,Peanut
33.752028578414674,79.71613963597058,55.825872847868496,26.996469087339158,79.25951884728971,6.3315349724468755,96.35522233026857,Peanut
34.74978968919839,45.12540161002096,60.484154218551964,24.232482217439493,63.223273757923224,5.926280906254535,63.101455443361445,Peanut
33.97970216348971,58.24960176213342,61.245785302586555,23.171007509345255,62.79543322186989,6.083415435260124,148.50097478294464,Peanut
21.925011664754514,51.42925714263125,74.7783646615155,22.578176098041894,77.51771442733903,6.024285983374751,90.82667739264258,Peanut
26.193611287029118,51.88468632511368,52.23210329797915,29.078424647681565,74.4759046034957,6.16972300783115,129.87491489520008,Peanut
25.1422932600829,64.72171248327022,58.40264955831804,28.259533081601546,66.1851222094657,6.143178616869895,138.22124118173133,Peanut
28.043009523898576,42.66488349469846,60.64203289367171,24.76777990245621,73.4445076109435,6.451032924748606,98.5608317996847,Peanut
29.323804603110677,66.18339200765841,44.13990014374271,24.028049511400116,78.37958651000797,6.169942613363766,51.344404398341624,Peanut
24.092509451180398,67.31349064115597,70.57596810250297,28.718876581392337,65.8435360676409,6.431028596277563,105.29468935778924,Peanut
33.930780447757854,63.86955451119632,44.90960218698482,29.70491727507904,62.457511597883055,5.754881956411183,131.36278802229802,Peanut
32.37193923002203,73.52596661505427,60.6294475349618,25.015945882933078,78.4369099909557,5.536252317514795,135.6130220353046,Peanut
24.61635570375563,73.94945311015871,45.56786453667542,26.641751709524325,77.76215838022944,5.973539646898891,124.65666738033929,Peanut
36.09343235711117,69.45976834867116,77.01318947498393,25.574673844159427,63.462508783303115,5.54781106370248,74.64598696375052,Peanut
22.86395007760484,62.317949657379216,47.39781348846928,22.31146965831497,60.71979657737336,6.331569498364861,109.14499314430248,Peanut
27.161706037867564,75.76912170960988,42.80786445630854,29.842576581822605,72.32583580508921,5.6834642539688485,117.90690989769685,Peanut
35.26762519567125,57.17371133483098,74.4653042498219,23.205859258371763,65.57675167155216,5.59349236158399,71.08778406073522,Peanut
24.7745762382229,76.7053276368684,43.12438755004625,25.419320961501676,70.64797374453826,6.398693053802161,149.76962186612135,Peanut
35.067762298396715,78.83163962276117,71.48404530143495,29.705621127771334,74.1454145188891,5.5797634254510715,90.19201869926765,Peanut
32.93194567604941,54.02874037817004,50.93535672455114,26.619194137064728,78.6700375340487,5.534981873516154,126.92312035414378,Peanut
34.45454556089254,78.55813701553149,77.22844889330175,28.097860496353544,70.40817529365198,5.70426755323352,104.52357183255744,Peanut
35.30703987839308,75.82676850551573,71.58848036842195,23.562135481528433,71.99372628456119,5.832173459531357,50.9205667390643,Peanut
24.00441871577332,44.52882599733797,73.70876494157875,24.068050017182497,65.69395937775111,6.459936571798885,87.90867230488521,Peanut
20.191712802887892,51.35384593384546,44.7719832240725,22.82246849388683,61.54974580271499,6.0932594701753775,68.93477236298587,Peanut
27.224855880820208,74.48070864520068,56.97352559185103,29.3255308004131,69.95876106791212,5.898836614839755,125.03889270907015,Peanut
21.463501975360042,43.5791353192967,66.07894855691842,25.895525705913986,75.8083050063842,6.416270837343531,88.83668776715476,Peanut
31.928200531692923,60.027865111812396,79.26442622569732,28.648675258852762,78.23475416554707,5.754340087577604,127.25264231625944,Peanut
25.30946449995298,48.3497013371356,77.77064638622204,22.15443533374293,79.30777407326859,5.649261896988806,131.94380817932682,Peanut
25.51845106136206,54.028093097229096,48.6703084528794,26.68411233984864,66.96191095015749,6.157393039494663,51.564731794206594,Peanut
21.28749767030079,43.98644610924995,56.75974741240924,28.518369381279808,77.76355820756766,5.744810740060901,107.43697242390141,Peanut
35.36729985385201,51.55317719678435,56.360309469450925,26.19179362148571,62.69749692816095,5.5259822937257805,65.28058093182833,Peanut
32.53707242507067,42.94473046134727,47.58785459400513,24.70283108556243,61.55740128612733,5.691699271161634,141.12697889835113,Peanut
20.385982644539695,66.13727696697448,55.3763572366074,27.381189915458968,71.77383440726808,5.723498754354644,134.72094875733887,Peanut
29.838807652187135,72.90144075653888,56.24050144752877,29.87748443132191,75.40978717002592,6.4659502051125735,101.43264789098589,Peanut
29.47382264581401,70.21815237301031,75.2116505205372,29.713166366924465,66.49103812064999,6.298704573842639,71.06455976355367,Peanut
30.911486934908904,47.19392593636797,53.89589447001356,29.450866937651675,62.92181399546172,6.132400895135197,109.29542729274033,Peanut
22.41476705417973,53.039161750752484,62.51926018061063,23.49742887190792,76.0124731282563,6.4721565095347495,71.4759399962472,Peanut
23.738239295811518,58.197402871897786,69.91061108560129,24.25280488188201,60.39759817394561,6.041220628032894,145.66005677673076,Peanut
27.82553710813891,56.80538216732401,78.75606868456151,27.556860893013827,74.3834384568425,6.062702005371068,147.46092108632416,Peanut
33.777329688511124,75.80131006420677,67.97515462932884,27.880926598723168,65.80821844284493,5.803478698013819,128.2984649576029,Peanut
25.93412578339799,62.510802832061266,49.97409243626808,28.535867046472553,62.2100270245538,6.329446639761665,110.27298005076018,Peanut
23.738190696541544,61.681415420244726,51.299953473893616,24.587738677843973,67.0305608319376,5.563319246972321,148.59616844014175,Peanut
20.630692562624482,66.49987492737114,54.849105910297226,27.168082327573593,67.12496506175168,6.173750646258859,122.92355094683607,Peanut
33.811052807992894,44.55847925432609,66.27572938618738,24.23990039563278,60.57602741138667,5.914830671888954,93.3543102803801,Peanut
29.34348266704893,68.19296661562865,52.35375236569837,24.52224410483138,61.21104512482521,6.186821215992296,106.7826091399584,Peanut
26.98850225387576,68.20755915669419,61.49430996907509,25.75395956696432,70.22649087322253,6.136348125267056,116.00026045745994,Peanut
25.779156382814342,45.62973453564613,46.26536724762075,27.115127087224014,77.45746571534252,5.909496278345552,66.95201603294623,Peanut
35.132049965877094,73.29957897677795,75.22329772483866,26.854651431309865,77.21457118776169,5.515414958448408,60.72358017695235,Peanut
21.851521341041973,68.50418737018933,42.78327134174316,25.970914979730455,69.45413797272579,5.8107035235582405,137.04051699420998,Peanut
23.40866403759992,54.09851137596959,70.96686000091717,22.243378515146276,73.45900800492737,6.31639772636157,143.22678388381672,Peanut
37.5259328098297,52.77536467334741,63.454565652918106,22.618347945203727,65.15740007096016,5.594222378747507,81.51872901539639,Peanut
37.503744269174575,53.8866735869717,62.47592412005706,25.467046784919525,69.17833048597471,6.4695720518365585,79.61544682638579,Peanut
32.54648939046343,56.80250678317788,42.44584724190745,25.914646652993888,76.26686658090216,5.598752968681689,56.9591847396309,Peanut
23.072630407865333,70.57600445557225,68.95981536578952,26.520142151248884,69.36452808185265,6.388325814702622,126.66978238334825,Peanut
36.2388450260361,72.53049205402617,65.70868618982232,25.664116994527568,77.29355505171301,6.426007417603251,52.3806043258343,Peanut
21.031097465325026,78.3497318763375,51.08642455376779,28.986955517195348,67.77590237922806,5.619100057609356,58.04432002093343,Peanut
23.13015798160913,49.99572779469459,59.54073415723305,27.61198320452627,79.727971529706,5.941506743289171,101.81849423431098,Peanut
30.436314027665112,61.57737421951744,60.70962628417849,22.07019804049534,60.03449644219681,5.597666318126123,60.155660342917884,Peanut
34.09793817909592,48.19664130063999,75.78856419022452,29.428850636616154,79.51786675791797,6.43908130488702,77.18883219185247,Peanut
30.19553689407025,47.01819880787764,72.24838620689732,29.10745364115277,77.0257767859503,5.933366948696835,125.8673884686781,Peanut
21.95158339152539,41.60979082477003,70.12945657235043,25.40284219462947,79.91098529479139,5.597254215855532,135.56276815352336,Peanut
29.599661310579833,73.08600782015509,72.6850912868058,29.327936010896618,65.95700022572206,6.449799353462003,65.16669603576203,Peanut
21.63937555186981,57.264620694893964,73.1329187456737,25.787369045067564,76.58573355061029,6.229686805794305,70.94283861389336,Peanut
38.977632497989276,42.43124674517614,75.9311883017518,24.43554759192299,70.00296166328799,5.922351872700735,67.18345569169162,Peanut
27.162937328033863,47.71737745171181,48.155459018420956,23.496454688211042,69.78034760693188,6.297931367511316,106.8970033761241,Peanut
37.86413177101684,65.46177954306897,67.57360462530417,27.340857837816024,68.98918386367482,6.1893388222000825,56.97077464689612,Peanut
37.197029438313265,71.11248573775669,49.809198329267154,28.144259634032657,60.25285202800037,5.717246572480881,56.513723867089595,Peanut
35.60453833235789,70.23496604713549,72.54544095207322,22.03585354660423,70.02465453356817,6.204836197517336,65.54011287390155,Peanut
32.99581455025249,43.36440397238743,47.253034244172525,25.806374519956808,73.07130305362205,5.645869126953896,68.5223330830938,Peanut
24.08892734131326,49.54803218795914,49.06215394105165,25.161192867981093,73.07579301673445,5.93803178313447,127.59739087498882,Peanut
34.3853701189723,45.06107656196303,41.95366493282976,29.023532511996848,61.59662133125747,5.648339180719713,52.21332755581181,Peanut
32.566727305973075,63.294822526333945,79.47614665741023,29.095459170537374,68.2168635496182,5.871585840912535,79.68520342799852,Peanut
23.048138400757626,45.52334626408036,45.291348320384216,22.912918057494227,64.81024084811074,5.8066686303131165,146.15789710389157,Peanut
31.569465020037715,79.50383098053123,54.89867791302693,25.66101306071553,66.49157318330558,5.682887650896553,64.31647077775791,Peanut
38.90158395615664,79.47242727195024,41.79637986034926,23.202766997854134,68.47048184602045,5.686333476344407,86.38803936268833,Peanut
22.581926997192667,58.26047026887161,50.867784646770374,24.815240446069286,61.88625302925495,5.928128050710142,148.32576109615698,Peanut
26.576660937623807,75.05717099369741,73.7279656649474,29.616467346377686,75.80219024534189,6.159596827058815,135.65844442274576,Peanut
21.512893613146993,58.51322628795231,79.57024954460235,28.15680121035786,79.24150756074447,6.279634356133479,137.4881967442144,Peanut
34.13059264606382,70.4200801766896,60.927120393580026,29.39390160651306,76.50077821246722,6.343884965665632,117.30091009630523,Peanut
26.09159894174498,41.42519181560557,77.42620517638179,26.688962790443973,65.96285942296281,5.649135107847538,132.95231655007547,Peanut
36.73040388895158,72.58031872522126,65.80330767867144,24.928123100735007,66.08140569560514,5.50855477011817,133.36075586882401,Peanut
21.74865394987285,65.23019992163071,60.16299787360353,26.21351487141081,78.53425690615546,5.531615011271242,127.33922246287723,Peanut
21.04104796734614,41.52614423741509,57.19270792565528,22.504601394743734,75.78287902585824,6.0295630936483375,52.90387826597745,Peanut
20.810013729638392,64.50674118957917,72.2444727063362,25.50239625019819,71.09161343071248,6.299829454049902,111.05061740418192,Peanut
24.495204753176388,64.52208103477915,65.13117836260854,27.872855847049014,72.41748375113602,6.469242130458038,69.72883087170685,Peanut
39.02181359134153,61.53357961400065,66.87824561979647,22.795692779617518,67.61151882756214,6.269379146463173,120.69110150989903,Peanut
20.802787763308203,61.863770539889785,43.53112771873638,29.966851433425298,77.9459317706659,5.521080660428537,135.8649578902631,Peanut
38.38859201116816,54.141928902538204,68.78006620191064,25.536829969662232,73.10464969152689,5.840317404298191,82.25592366332683,Peanut
28.48867777715158,45.822710346100045,73.2455585774153,24.789583162893095,68.0029910781169,6.394054612702145,99.66238140631714,Peanut
30.885078187017257,78.25992499108395,75.46905532579956,23.355733671107515,69.4643005983621,6.471296227428546,87.23662982286027,Peanut
27.431462170324004,47.80120927156617,44.57292456476501,27.922438326047853,75.40060937403032,6.469012963503,127.3418210905363,Peanut
24.867049880671974,41.60466313154062,79.41749537478641,24.723605564348844,66.23943084864841,6.405955209749383,108.50998985449861,Peanut
24.297423476982694,75.56384970864958,79.73443420218973,22.693428489206646,77.24503256604974,5.890515697684394,102.40724465067044,Peanut
38.296319515299615,78.93516783100469,50.486556416351974,23.70280616767931,61.61033117183024,6.061797852662138,51.360439545066825,Peanut
28.23796595219873,42.93536066608034,56.209031317173356,22.319457514124874,76.70434521217538,5.709738993938566,82.8308710357912,Peanut
37.40095993212783,69.8506424532882,48.76153446568234,22.575195349259968,74.3134755371068,5.890702550688109,126.60799991182212,Peanut
28.905895447504207,53.84009651889106,58.04821632849586,27.988471885365414,78.04440573080748,5.549767196588576,102.4111541226955,Peanut
20.656708581677552,58.73638180097435,75.41131316387602,24.892722131362476,78.64900842161286,6.13060847165061,143.41553437930065,Peanut
35.143332508250396,44.13740666595049,49.24605470250708,25.15336363666805,63.40213764024152,5.994911604776661,97.13681557014905,Peanut
39.12518396054762,57.349115315839114,71.42507217151991,29.53528435881184,77.53977661947971,5.708667624511592,99.60298942535442,Peanut
26.954795645918516,55.994347805488616,54.432273049830044,28.610873681400033,69.04278110244894,6.0236943322446885,148.24473570470747,Peanut
21.19958544383033,59.518305591629954,70.96246827784464,23.209295665505813,72.23063189229548,5.739464779534467,136.74041132245674,Peanut
26.541993308001587,53.162512676036386,63.92775514071574,23.46850326495927,65.69777277806122,5.916631850119412,85.36378631401104,Peanut
30.497544360111647,63.98560576275865,62.66669815000658,27.233346495935457,66.1549903321564,5.626426227155028,126.08075414310771,Peanut
37.01560765261364,50.28024928889729,56.28367824632079,25.988553735708443,70.66653685505872,6.1594901710876515,54.160323335532134,Peanut
34.42954165468034,42.47884027917641,58.731542706914716,28.621369084553553,69.02430626556793,5.649089748768247,148.50338450059598,Peanut
37.785709241485264,70.85254532900056,56.46046411596842,23.470765815114383,78.82822362837003,6.032351126517139,135.2355460387485,Peanut
26.841900115188515,53.41153268317882,79.42161922696157,26.1746643879588,62.81390847721492,5.719674677994707,98.19442793927207,Peanut
20.849418209768228,58.501359415132015,56.7576336832051,28.234690122555897,67.09883928978483,6.482548761539599,68.07699193009032,Peanut
31.819733699362697,43.58797188033019,69.35455935975928,29.958029504495773,76.38277275503265,6.055703540720302,98.4741357399692,Peanut
36.70059922533694,77.43896338842897,79.56826103192373,25.172313820515875,79.81834949589025,5.655926252173831,75.35497759319092,Peanut
21.780322494677925,50.86954065937927,70.71750206472045,28.8233948654276,75.57785290205143,6.131065778167696,101.39665125226456,Peanut
34.17408578427293,55.633341970688875,73.65233405998808,27.417520751814283,73.95609396988817,6.035935993129071,138.52289842111725,Peanut
25.04029467358105,55.24590613444203,71.10570278710756,25.9419911690347,77.78428026848381,5.8463993197628525,86.93301688196448,Peanut
37.774715787732504,58.574812807281646,60.644983368099474,24.662109722685436,65.53339884358164,6.155948710838392,61.984066154120384,Peanut
37.58545282365819,71.16812547060431,47.62993054823211,27.552159566596522,72.05265842571269,5.684535050736644,77.32035060502325,Peanut
28.179730074676687,67.96970940981896,65.54893635268024,26.257878781413584,75.36821086228068,6.257937739606166,111.7859154062256,Peanut
35.739801667696504,53.37053499116837,75.24998113290422,26.919280686415526,76.44727027624862,6.046279104790284,71.84382449886803,Peanut
30.848202573566173,54.844466551063526,67.89996144148378,25.806350333877887,76.72225609855376,6.178072512321917,118.4544433031324,Peanut
24.3431066698213,79.36999065965162,73.66700837085955,28.312039076485558,66.60430450320055,6.035631652847232,63.71031880743286,Peanut
30.76951953325412,45.83556985933149,62.12151375958405,27.189775041239244,67.80391934499805,5.998544878331293,137.56533876745857,Peanut
22.171262894056188,71.66931571998612,46.830182039847855,22.29366386243703,63.71149205490096,6.2650431899704895,90.51260733368599,Peanut
37.45041033692364,60.98830164729063,40.89001407705324,27.733708876815413,62.20465817442465,6.289379633461924,66.81025498051801,Peanut
26.90892771611027,70.45085718501441,78.16925429905686,24.97147160517386,76.58800440397872,5.690792265475839,130.71797702024912,Peanut
33.149881185125025,47.709740288494736,52.100158414056466,23.054167108776287,67.65934022128627,5.703648641123277,114.39979536304735,Peanut
79.78020416882235,30.360274892527926,101.63679253149195,25.736665975490098,78.28417579361624,5.759008002150407,104.37014196449175,Sweet Potato
58.866112053135545,38.06712913684444,82.24116532995654,24.086576822098362,61.05182942481357,5.825738704198876,80.72936432422931,Sweet Potato
61.34409606101711,34.0289089318556,117.30519862957439,28.94521243549935,63.79993018404569,5.515166424941015,111.34927718519796,Sweet Potato
43.82744829223625,40.637034633484525,90.04449147276024,29.155167287166968,77.0502127257841,5.869749111900296,102.03463368715742,Sweet Potato
77.22903178181588,57.97283348936446,118.77320501406642,21.253788841081878,63.2111562152634,6.01510504801983,104.14344766098449,Sweet Potato
40.73863619572944,31.85925107968558,115.5232152903522,28.688707955393863,67.1454184399209,6.3365759253958025,109.36750743979019,Sweet Potato
72.23622588075608,42.82293213480643,84.53593309379634,24.33727062646016,69.14599595993796,5.826416290760904,60.5582712904428,Sweet Potato
79.65607452198446,37.324104624207195,87.94209614148372,25.268029188559368,70.74416358789777,5.659731106749867,127.18921463252545,Sweet Potato
60.66617602914411,48.29086365434952,108.94985541631142,20.250251015638668,71.4128836509009,6.326291706842554,51.73887429254339,Sweet Potato
56.20728415203844,57.7868235061749,94.12617609130152,24.58728824200241,79.63082786088626,5.298985788425861,56.525518912500594,Sweet Potato
74.37690363445218,56.053960236371054,98.88311338720052,25.142071744772863,76.71612739235673,6.107839247173692,76.51490022170107,Sweet Potato
40.67573420286074,44.39100487600637,114.35649304382565,28.95834676690162,79.12452394152308,6.319344856419172,108.00435552980983,Sweet Potato
57.784223969444035,53.245495396022974,109.59286537462386,25.381434300814544,61.746547451169384,6.389122020180379,95.56025375016621,Sweet Potato
54.53335127665057,48.88702185506315,106.95351844667908,22.106879170303014,76.73877689619913,5.434905640493567,68.66839259143167,Sweet Potato
56.2559941141799,51.91680242692396,118.61832713759213,28.092812643714332,78.80696755340384,5.2109087061147905,57.11767988636768,Sweet Potato
62.308190476266844,38.70892449132103,113.12219891877092,26.71987871402326,79.41456327971589,5.382188533596956,98.57841143552324,Sweet Potato
60.04961909701413,37.17530384572129,103.60373597952031,24.432859860792394,68.93443111979747,5.544104971958726,51.6929352425535,Sweet Potato
60.88380947659156,40.057435071009934,80.05279475937319,23.07943707661932,65.57256666179514,5.590172229835454,63.18519896433969,Sweet Potato
60.30735298540338,50.7732105755439,105.2074227621829,28.037549475691904,69.04016575974163,5.7786375955095926,131.04019408589835,Sweet Potato
57.108046832769546,51.047980496987904,97.38409474871968,24.177361945115628,75.20411249058321,5.2622553731993165,83.85859719415735,Sweet Potato
48.96689106987607,40.77329828902791,89.21499289464096,25.794056310866544,75.9634160523569,6.179919591826852,86.45009645487924,Sweet Potato
79.55041623577047,47.81563094117402,95.97601207113179,28.355392792414257,74.59748025285282,6.123913005236156,69.61393497338716,Sweet Potato
58.732972294742204,55.854843924738084,100.16152030515029,26.834527434210504,71.75867466068529,6.2635351815775735,78.45608397616026,Sweet Potato
63.019011115454596,33.69704004029412,107.60843106797871,27.31967838352712,60.85674642377997,6.013686445441977,91.46901541657863,Sweet Potato
44.963875044387294,42.59722643095403,87.76931718782326,24.155595321233164,67.68678055917056,6.1075874554040865,127.42155581663587,Sweet Potato
64.28114617538186,30.680605265473424,117.24089116283976,26.862332800964477,60.683908998423775,6.228249348821176,70.02661547179962,Sweet Potato
63.16884758284427,43.99903109850561,96.79355129420307,28.897137201243975,68.7472258312523,5.113016176359726,144.66387272149524,Sweet Potato
76.8214092495851,50.53298068744796,98.715701125281,20.92859472943521,75.81496237154953,5.113216871636044,56.86009848951456,Sweet Potato
61.49535369757473,34.803847205539206,80.30921069361396,24.231134309957863,62.74434463220132,5.240773122921037,57.691063873533466,Sweet Potato
48.203750148944394,51.46452539323168,112.35709228871166,24.525336440293007,70.13107631762836,5.048982551891304,56.93162613713169,Sweet Potato
50.302709025980676,46.31695262139442,109.58204594939971,26.05003061338033,67.84255709973577,5.177486109504708,128.07732348871895,Sweet Potato
54.551442063962284,52.08162043448369,100.51915367657367,27.386620535618253,78.14579122905144,6.381544274080703,103.51067800006034,Sweet Potato
60.46033459062555,37.97035396508512,117.43199326117166,24.57919167199621,62.55182478574754,5.649057371939825,62.7053250238004,Sweet Potato
60.101267370283004,46.83826544568636,93.51023045974341,20.716506142314845,78.87007071266478,6.1600296702251445,133.8881080505121,Sweet Potato
54.67473577144918,52.82493090058352,99.41491580676777,22.010834884060458,62.48846753814426,5.517576303983085,63.75521114751397,Sweet Potato
79.93075904816274,31.475669706960662,97.64574397476306,24.52093522390384,66.01263857163352,5.857027348560418,64.99770241515446,Sweet Potato
71.35649522348935,39.97343154742915,103.65370359194567,27.156392360669592,77.78084235380322,6.253681154678301,110.83090281035595,Sweet Potato
55.53572721535548,45.09614010224892,110.7493917351521,28.77545542559473,62.07563856353344,5.57728439373958,127.61165984135006,Sweet Potato
57.26607050375844,39.96683292198851,96.45290787293078,26.028447467863508,79.99610288267603,5.739488643656798,70.84944749542606,Sweet Potato
46.51386301116379,31.270492424292428,102.35268939673286,25.44572091488834,64.10467853560618,6.042994109678851,124.11070416296808,Sweet Potato
50.363928215284446,40.3229929208921,119.61886689389027,23.742644678507343,75.21603343512203,5.67908813994491,129.3344827860976,Sweet Potato
70.7609295513059,50.032680755956065,114.19113385182317,29.39218494877685,71.59966640904167,5.356203360834119,89.8628961644075,Sweet Potato
70.33222854053173,49.52650455371608,87.11193354260995,20.512395411464247,73.6592318708413,5.376618536044018,99.96702437290534,Sweet Potato
69.86987090050377,46.88000341969,83.33210332447186,21.855802367835555,64.38656368061838,5.386796380467267,106.54033919505042,Sweet Potato
60.15863119301574,36.094801150926266,82.70219373822748,21.71432204474718,79.68762625237207,5.702820424687208,136.73455047021125,Sweet Potato
73.95009866675373,45.345586723886214,108.26750833842175,21.927520104127122,73.76793409853816,5.408576868894935,133.2062096754151,Sweet Potato
43.3489653243564,53.19416018655832,83.99747626274478,28.81189236894309,66.08409036270007,5.981590047245862,98.75022786202798,Sweet Potato
54.65212581049356,49.36325499550489,117.90091922204951,20.412697473746217,78.37705711766209,5.913622482531521,130.7314300769052,Sweet Potato
55.354998137371105,44.155289245128415,114.75403007204656,24.14847969809823,70.6931913349817,5.0302923846265,65.85980058380423,Sweet Potato
65.667460318992,51.509307031916315,103.30403747137998,21.433100362756107,68.9081085715567,5.532642149544785,99.56613440350884,Sweet Potato
74.81316138216377,53.27584315975956,83.35958005556635,28.903091977745643,69.43534302299648,6.1157932173289975,64.00392312643521,Sweet Potato
66.82878102828192,37.08978052828374,97.53523588563726,20.168628700821046,63.03221275860952,5.13812073968543,73.97441729382584,Sweet Potato
44.00072360097289,50.757300798586854,81.16159608836878,26.17740500624998,62.81415661651148,6.417742185766845,143.30940731098542,Sweet Potato
49.0201241008385,48.432638946690886,81.12021277889833,29.31788543051174,70.4597461638342,5.0648347271266685,84.24999930081374,Sweet Potato
43.07397847444937,41.7883331812008,106.79705368645293,24.698899080414396,67.6744434943891,5.178735568310697,74.49390456936564,Sweet Potato
44.005731509534044,54.22496194969982,85.4095931193889,25.953733665488933,66.85480827177692,5.338967576982776,113.94684394921038,Sweet Potato
58.28009237507763,42.004364018536776,103.71408019568887,24.91267628490001,66.06968417103121,5.838591931647877,116.94985765506945,Sweet Potato
41.06772634347417,43.97615186723026,82.30733138334175,21.864054140681112,71.21017468155947,6.299283372898371,138.28056791884848,Sweet Potato
42.79776040554525,42.5731525886012,103.32025932018205,21.470699045503434,75.30864433489543,6.116352887655858,140.33410137067946,Sweet Potato
40.33944048333772,36.50052731967008,113.08746856981287,26.705800508269355,77.88779707396981,5.0857694817954,109.69639657164429,Sweet Potato
62.76186299574697,31.07023249081597,100.54088307649934,26.09520311309924,63.825863484042145,5.4099943746869945,114.03473462977371,Sweet Potato
58.73203790399833,55.74040972704981,93.69527064036754,22.66659658388201,79.69731880689686,6.366703655195125,52.899274499897984,Sweet Potato
70.82914461226264,33.31004321475609,81.09940779317483,22.736955159663488,65.3869175812221,6.228978143520447,121.06672459428351,Sweet Potato
79.26437709328057,51.34538700935455,96.73022213024191,26.98927660945217,79.98918134372803,6.065212823843792,126.16813559803182,Sweet Potato
77.53460060761037,33.4095378393505,108.19137173790907,28.508059579674487,79.08757200441786,5.316453934567549,100.39290077242441,Sweet Potato
67.22219390577928,37.42403188504012,104.01891453001096,22.575787824979994,66.66914041063295,5.662278044766298,102.9190098746567,Sweet Potato
57.974634865006024,44.79586559363788,91.9435502515317,21.589650940226306,60.94699954653679,5.293968083737502,108.19436415057831,Sweet Potato
71.4446179121253,35.077427923286834,84.34221431090594,27.4929036054925,66.10316661074579,6.427249158841029,121.4317970610373,Sweet Potato
53.07024188972123,38.686282433811144,100.94793545085236,20.791446682782095,62.35353025290598,5.263786821974289,127.47235933045602,Sweet Potato
60.5542943707649,30.317013683233288,106.94066109888436,24.23690178660497,70.21704729927596,5.321174365119403,105.17822283941035,Sweet Potato
79.16612959005954,32.20334073017284,91.35669598657722,22.429975928608297,64.97098621502359,5.568059536348066,131.81097847441674,Sweet Potato
76.5143475985755,36.0664526237692,101.71799751792452,26.368989721654803,70.43654948727689,5.6511145912953795,69.19755058592378,Sweet Potato
59.52877436796954,42.036444831339864,111.82253450009078,27.636043591629953,62.679973624113416,5.132778578844602,140.8153943227503,Sweet Potato
61.42033555857991,55.734028118477724,82.32604482265604,25.265156165216304,70.78853029152472,6.291053048813225,59.76099982297075,Sweet Potato
49.61782254703637,42.196149416610396,114.63365901679768,29.388833150705672,79.85449239187255,6.438790229687783,50.59417558443544,Sweet Potato
41.90833365815488,34.42820457472766,93.95448387081092,28.299180309869588,77.85312390670961,5.2802516094418745,111.96641516197087,Sweet Potato
76.69447940261107,43.911952077939624,84.14174287811136,24.57813650084625,67.51589804576115,5.86648699409901,93.86586844071036,Sweet Potato
40.69383707414872,59.819932002410134,101.74160950922284,24.736307554846096,79.09234743008108,5.233790551380616,68.92376025452482,Sweet Potato
72.32058996251135,37.824932400750264,111.96908425166107,22.715334829085027,60.66375260450003,5.775522085830074,69.66864341268614,Sweet Potato
70.31385171729885,49.235988996964444,116.94410671911672,27.82988357265736,63.61551909681454,6.200237354997195,114.17370448140232,Sweet Potato
66.758065670425,54.96788657910446,102.95296276755761,24.66003514353013,72.73282070717455,5.446936143437538,68.25971310870993,Sweet Potato
64.66351352284985,37.01545107256433,83.19660437386428,20.00554184585254,72.16638802800134,5.543223175220355,125.2310970673456,Sweet Potato
55.007055932524096,44.5801034471468,96.2833989126154,26.50574791109346,67.12278324029937,6.445651474913463,143.61469865985302,Sweet Potato
73.92111610629125,57.60900811718244,97.96558753837564,25.36430396789492,74.84185185116489,6.044218887407812,139.06785956054708,Sweet Potato
68.65324109026781,59.93654124685382,93.94023199326364,28.32997742239418,73.95269645665329,6.037079667822528,82.58355948449989,Sweet Potato
71.4240716969209,57.01128067042798,88.74193846082252,26.254968371167042,67.84269658205551,6.484322178942316,97.88328158316816,Sweet Potato
49.13280695187771,41.45572875665498,106.15353559266505,20.76089371349576,72.07203840442475,6.396837138768348,135.03627876578503,Sweet Potato
42.706941466319336,59.801696362172045,107.94907694815517,21.622808243140238,60.24832178338847,5.256923954438227,133.81759206857384,Sweet Potato
40.86557299780655,36.994419108542594,110.29222381339501,25.86110535898135,75.65471420720384,6.119225755740182,55.060138712180475,Sweet Potato
75.70045676376606,36.81095502846806,102.13569760919054,26.442881565277787,63.37256421770191,6.464346885051461,98.8155956087309,Sweet Potato
42.30570782389574,58.11786134333521,103.45071372773072,26.991931979813764,70.50351579868448,6.252106932165452,53.31334621932109,Sweet Potato
50.73513461108591,44.08945069208077,83.0641446525484,27.059066693266583,67.87326828111281,5.409001985402216,50.33788468084123,Sweet Potato
68.79321246999815,55.01427926618585,95.80162142725993,25.642179770333655,64.55373251859197,5.9332964694202,51.21374583152005,Sweet Potato
59.545755883950335,49.32616445522076,116.72767092918936,23.81335817122284,75.3038040596206,5.896530544915251,142.70121129250805,Sweet Potato
55.935107026377224,39.57286019618964,115.48567994776576,20.492444014082892,62.72770785867353,5.123606651876067,134.31099565764026,Sweet Potato
40.42429693481277,55.849714664911446,98.05071181485067,20.040252788539707,68.03290354424084,5.280201261567553,112.44004874721631,Sweet Potato
67.17435159686586,44.62582711214999,81.6207810175868,26.56128804367202,76.84077567211042,6.080486415989602,132.99579189553185,Sweet Potato
48.0203809420355,56.66663818969448,92.88773802591851,20.13404814251991,76.86783292658141,6.41273190344709,115.55581974173488,Sweet Potato
49.257465218536986,37.55233392847591,98.66371493742477,28.978310796014195,62.991953122951166,6.23896050437523,79.13028087051504,Sweet Potato
72.34344677716392,57.60813592804616,97.0997548797728,23.650506541055307,76.04442637942603,5.794224323569091,118.44490484631972,Sweet Potato
64.91316947844717,34.58666536934389,113.79161441158246,21.957751114131362,78.64564288141561,5.375856937133221,123.3880973273742,Sweet Potato
51.38621573974368,39.533562257605915,92.40007411129221,27.478922540260832,71.13630235938786,6.324428683771246,80.73727192040448,Sweet Potato
67.67970088226977,52.58845798989332,86.05928452119832,24.00589357319811,69.65634988700822,5.533531084841561,82.2112595969138,Sweet Potato
67.45679575990567,36.475991929784655,108.37562981004515,29.350441963907308,71.30395042355502,5.917151355109211,56.89327021240891,Sweet Potato
74.57907614471313,38.56343361599596,104.60204662114259,29.791121697448023,71.91005201145616,6.087064231196567,94.5319618223752,Sweet Potato
42.4146337406023,53.927980484693656,81.39995365055943,27.00657828887854,60.45843146299274,6.2934578548650055,65.76360358329806,Sweet Potato
60.57085981770204,47.91452113449442,98.30181629493649,23.407634893488872,69.35628592361944,5.467123630821738,93.81223470808632,Sweet Potato
54.356519639921224,46.98614470521436,89.51696648979934,29.886565549140123,70.01739906764331,5.291243116121764,97.70667495672726,Sweet Potato
74.65660518099297,30.654203793731867,107.18216476429156,25.47967796793928,63.39115988740271,6.226214658957381,86.88846223740057,Sweet Potato
51.7520811526203,54.84375575570703,105.54100184766659,28.982590836748244,72.59767407342399,6.111226486898173,133.6445896259613,Sweet Potato
42.18958543639748,53.28146876608141,104.54825927398306,20.69507796515193,70.1715584373743,5.123687116975931,123.59472017232224,Sweet Potato
61.86006855591532,58.60720612236892,87.32541486287079,26.060334525203785,64.23164269140983,5.921097477091098,122.26497023608565,Sweet Potato
68.89217317318155,54.4522197204783,114.14200911833267,20.77271726267177,66.86534314144808,6.030683780539709,99.85862873912122,Sweet Potato
47.62703787019166,46.58128710500094,96.29742611064574,23.90038277654305,76.19507434871328,5.6113975007482715,52.64545054804242,Sweet Potato
42.32253355564365,55.68732125074861,118.42403240050085,26.884093364557074,67.28736588200161,6.4079004736920915,116.28030863757358,Sweet Potato
73.77334196797351,52.97556912111028,95.1655726309037,24.787022008507854,63.72264308736199,5.438021150661101,127.81256612865218,Sweet Potato
75.75913567532433,51.733812697542355,98.60694786626553,20.865092689397475,61.13895897396896,5.561488346919281,96.38217187676631,Sweet Potato
64.36482488853187,30.194685641609915,119.58891561865225,23.639388834040428,76.96189327602244,5.802450058498106,63.04394545333465,Sweet Potato
71.90262210138087,51.29481224759628,101.09744339716912,25.1455309133378,61.74959211501856,5.9837734228608115,141.12451557543,Sweet Potato
43.729796768854335,37.905343519467145,116.09231893768396,22.843439098197933,73.07887344359852,5.8022272474147165,109.63276050038621,Sweet Potato
56.63155606309012,38.99974411661133,81.94133802918675,27.44280939294164,74.92186924388454,6.006088610118085,114.36337881196206,Sweet Potato
49.74868528670105,30.670348012988736,112.34861587541758,24.91138535695827,66.13676261405237,5.152897860170855,56.27215909013884,Sweet Potato
53.954668871807094,54.14211194300822,116.74894997335322,28.967513646130648,78.4000166949931,6.361588014694014,102.72247516003958,Sweet Potato
48.77662554227615,53.941397485104616,88.54851899410316,22.67207276756569,64.66508643645096,5.772473605543709,82.182750816908,Sweet Potato
46.166241985013656,43.59520235681647,114.95628955140668,25.70552854949972,77.56671211775173,5.293808277618706,66.6973873672554,Sweet Potato
63.02308502793681,43.899867046388195,106.40690566587827,27.946267910267814,75.02614591304354,6.413391760487841,89.82564091570116,Sweet Potato
48.25546968992723,46.52737919843658,84.42972480764742,22.888511233316315,64.15776110526289,5.594845575195621,61.12165750022154,Sweet Potato
41.273669781923914,49.70382013890095,104.40995913159219,27.08358936038661,73.20772880542688,5.171442021713576,79.10788813756463,Sweet Potato
45.181064396014094,55.289172061456895,109.87614621422094,22.015270029182425,66.82618480979787,6.4499224883963215,109.41593578796514,Sweet Potato
72.0462238920463,37.93773104306187,88.4021168071722,27.839169288465484,73.7174491046288,6.021466893817646,105.26345818291938,Sweet Potato
62.543133711061955,52.07092515918761,90.80009924484781,23.52768465856956,77.43273541040111,5.4632978015182365,104.6309571379299,Sweet Potato
68.10557856026736,59.99774480499529,97.41165325981328,24.28092876624944,76.85176758867335,6.208254666889795,123.10758817345486,Sweet Potato
58.52918549636115,39.71817360482147,104.34921930339394,28.76223293131641,77.67554916417173,5.162747517605657,92.83502838131506,Sweet Potato
58.58887824794998,59.3284610257126,107.11992060970339,24.072464172620705,60.52115771971186,5.848077740148794,59.60759756383561,Sweet Potato
73.37799829391052,52.575559817110864,98.42036639632715,24.292107795416996,77.94677931137537,5.432687525627193,74.90199621067708,Sweet Potato
77.56789731303049,54.27737510260448,112.82502372268779,21.951938142759253,62.865919828618686,5.039044324725702,73.70415089186801,Sweet Potato
70.967619668573,37.20115256292449,109.16413134379505,22.519082653674214,67.90584995901344,6.474743434867113,74.48117312841356,Sweet Potato
55.05482509193071,39.03261541395641,84.3849994532001,24.89894142130825,67.57381326666004,6.04233062871092,131.7594546951546,Sweet Potato
61.76998857982554,30.965892662620107,104.75689424938886,20.553907300209392,72.3271264719805,6.027544923903783,69.77676276175184,Sweet Potato
72.77384594887084,57.332553947221456,112.52347856455279,23.05109190212082,71.73286024891269,6.372222723786842,82.06647262228499,Sweet Potato
72.80111289061699,30.284253937850895,80.14586811138705,27.597116603389672,75.22895164254243,6.183465781778441,143.00268378881623,Sweet Potato
44.71625247281137,36.959549549510655,116.14899681495231,21.772361977723534,73.64458535153167,5.795694500061223,58.31936768515072,Sweet Potato
51.41054647766131,45.611166493229035,114.09400466735336,27.075384896146737,72.43766322909866,5.744049334912122,79.86839838141343,Sweet Potato
44.76979645277045,42.27228103698287,81.14073975645171,22.110558892668507,68.6496675174532,5.627907778507873,54.42954309969924,Sweet Potato
63.56240614101165,46.490527675597086,83.12417216083651,29.431630524604394,61.9876555790172,6.282251226856005,50.03097319150059,Sweet Potato
75.29124380181533,30.59159196612938,110.31248127568463,23.61690811300253,74.7643360027264,5.602617808137468,57.090792233184175,Sweet Potato
70.70026781581456,32.13758055964095,116.88481743844872,20.509740357916613,69.5865055554303,6.084551646276194,89.32464647920378,Sweet Potato
48.68933898369739,52.77272884188081,111.37178819154906,29.22694983954367,67.52330220862156,5.759377601745991,86.3128442846072,Sweet Potato
50.28327287405473,52.53098884612825,93.58607380067822,24.28149441992352,68.07347315248056,6.068991838470119,141.77956261106797,Sweet Potato
66.6702424522951,44.147477882826976,111.16820458955533,26.409713241221375,61.21220714235627,5.143495379628263,53.79169440736333,Sweet Potato
58.27265304825279,36.5170686867793,52.523326774054084,25.841601830924816,77.28431325103672,6.67380689063331,153.1067357335584,Cassava
50.672151283690056,22.34082965376887,40.64235290720455,23.07010672604421,58.77789330871828,6.103580127158992,68.96001158533417,Cassava
45.44911113273796,23.62161404615882,65.27928371933226,28.157897989801242,66.5229717911646,5.501002849391879,111.95675677062249,Cassava
43.86758865350972,24.529212075161098,75.90820905890322,31.796917464358284,69.42978756920884,6.83364658404684,149.98386605619953,Cassava
41.327859444218795,39.935251699728184,43.95809206746139,28.826418014450606,57.5850860922437,5.78396222581392,150.43078587213137,Cassava
57.45949397230828,25.010921178622567,53.37784747513299,25.415481169231764,78.77971713524641,6.597226031846902,124.19682800711601,Cassava
47.99283681365456,36.22032220525312,46.28729886433494,24.104622171420033,60.98040175520453,6.760696391703981,78.45013360877545,Cassava
44.88936771418104,29.87949976610532,51.05642164374699,27.687279416481598,63.5491005404967,5.869918212702434,75.67621586817906,Cassava
45.641987609993606,36.421571548937,75.43530950286979,24.346835328852503,53.40381504574307,5.106833343869021,145.16166592386554,Cassava
68.61412850000822,27.45619978406411,67.18703469962558,29.12958815559526,78.06026844190716,5.129747275670215,86.92084125235117,Cassava
42.74103950387953,37.35987866672221,71.70348640134274,27.74642070621839,52.5099023015355,5.54662471730744,101.68077872819237,Cassava
62.429727840616685,25.16087788073431,42.918394556518194,29.307623018532993,58.972406349662336,5.9047483540466015,77.87332889752275,Cassava
72.10193213578319,31.310637538481153,76.06342504839452,26.954715630653332,78.24277015453639,6.7837364087626515,140.70437990429275,Cassava
77.35573752599453,26.461774945891044,54.62568650816846,22.45477951306037,67.67602720291559,6.443847939857867,168.29268663389445,Cassava
45.99265144184413,28.883181446250006,47.07452848375662,28.62127348854249,54.738391172653046,6.80832736791215,92.28885039259787,Cassava
51.656090651529794,37.018126443019995,58.33870440582895,22.23995945800073,64.83758753607937,5.169086670760246,197.94826061622348,Cassava
63.524462818224094,25.13065235221957,62.54870718190471,22.768671033817547,73.99673912806452,6.8506561077283274,182.42221434886233,Cassava
53.67030409194251,26.51536239286737,41.403504448652,28.514003587009167,66.04714352569385,5.918692742654683,187.06833346685897,Cassava
46.715156043313854,20.193325333803646,42.93265808483062,24.23371437827369,50.99856647790371,6.005687421286271,103.97266373270092,Cassava
47.21932032272531,35.00168149897324,48.1780530493012,28.87605100993793,60.477947175429165,6.023655521325109,190.74138557918477,Cassava
41.494065392632514,30.00529014954924,74.17691841310473,27.879742483703485,58.3061155089547,5.7953622702900685,155.23718802200045,Cassava
75.63247577255211,20.821327474932232,42.861552875615054,25.250515236095875,56.98339053312437,5.5298617724448125,90.97779980762333,Cassava
47.83300195420631,22.612479337385835,77.35816527180953,23.44189463906153,56.132113242966085,5.4925314479615714,190.62208223825888,Cassava
70.22856534404339,35.79398860631029,44.19033038153992,30.363098750156716,62.245792454522544,5.5256460524247775,140.60501169284348,Cassava
72.88731623266935,35.57304302149819,75.59989930324528,31.28132186015444,57.14366214283248,5.847715788338544,62.0479954887098,Cassava
75.1728663706024,23.091443029495352,74.45899249370777,25.293873219865965,61.04400769943415,5.0782645089677185,105.76303056714474,Cassava
75.53454731205056,20.510948022432082,56.25309892186901,22.31399629812741,61.12770275327195,5.345281281560583,95.3105750575721,Cassava
75.10393492645676,28.720984412437822,50.951919656076484,27.893383779505477,54.26320879497747,5.5187832148417115,136.4747154644044,Cassava
49.500921673922754,33.582554748017465,59.6596520903809,29.71989070254691,78.44733607167406,5.231609778694816,106.85310139783627,Cassava
52.781962515136264,23.023658386745083,72.41212549333883,29.5987870403879,64.53276412503197,6.075541555589219,68.33617932034947,Cassava
62.220294093081826,35.82683048039273,62.95310294335429,24.65306370120419,70.02644817003012,5.722976859930496,136.28225980000292,Cassava
59.50261453115699,27.623500019303602,68.7551192157654,30.838761119858816,50.15637555430775,6.867233038460735,131.6121190516515,Cassava
68.0292752145306,37.112491323517546,58.6841476925708,30.3497407336489,55.32859458365607,5.3183350689596285,152.04599163986148,Cassava
74.80572022206948,37.848523550720785,65.74961833508986,27.254892302093175,59.941792630895485,6.960000831198663,104.75739613327507,Cassava
69.76744428926372,30.639635998100015,64.34049370101387,25.93480550588626,78.94469376416743,6.143364652198542,191.2902682642306,Cassava
40.30365664695657,31.45341166382242,68.68747558901086,29.45080171162218,77.14930645345044,5.008803218007572,60.046222296326704,Cassava
58.89053843180861,20.585874100107414,78.98130214649498,24.22065174541392,64.17994188094534,5.122275260024447,133.0867782639762,Cassava
55.19824500589634,20.893200577544476,53.404970667848985,25.914360202228558,79.6976447382482,5.415771743838751,136.26914615181397,Cassava
79.49262196794515,35.840384158802706,79.73470003528357,31.682983146601693,64.68618626282463,6.392751699741131,75.46203777176116,Cassava
57.64595300187207,36.180370845333954,60.213412839085734,29.026990328172317,72.3725398995283,5.5069382824857875,182.59791221195917,Cassava
58.39289723636716,24.203702072430875,74.61663527153775,26.178188061062535,72.5093731513916,6.096066144443186,113.46204531283006,Cassava
72.39505660154278,31.68939863289226,55.62248409708127,23.09597870335127,76.86335941300123,5.070939170683333,180.84622877152788,Cassava
54.39846099532622,32.786775270028116,76.88798895342741,23.517066155038982,67.00851426916431,6.528865724740384,166.06173658066803,Cassava
61.02527658398016,32.49478919812916,70.30107976531377,30.410276377574117,72.8543929062759,5.708009886362485,199.54169614808265,Cassava
57.380107748772176,20.489294055178668,54.50467806341848,23.27782954573843,53.64327847185125,5.563070080213789,67.47256918481652,Cassava
67.54048753638253,21.4797776840381,48.13158221743825,22.928997144941192,51.89503192709093,5.5355033310790835,140.0658554724518,Cassava
78.58742225787367,37.511133086992125,75.037357017813,23.760670360376576,57.9472158049346,5.152786633590612,168.9855675881259,Cassava
42.79265205942248,31.133913416417066,49.91502289295803,24.434456340287447,79.72175165742816,6.513559613957074,177.171510160747,Cassava
62.87930741376051,37.420285747874985,65.81962156665412,31.461737047963453,58.44015758136911,6.1906390915657905,156.6183887111649,Cassava
55.717492201112265,37.59415964808106,79.19212652416618,26.937694913726617,61.71921964413017,5.943875857112918,179.3831444024704,Cassava
65.8187370207267,20.8954474503619,61.68679641782859,22.1730012274097,73.35606113010216,5.6566245470849275,126.08104749642611,Cassava
71.94712423630529,20.92897634571523,46.34166142366442,25.97960376445115,56.89775490636681,5.675802851550126,199.7444633049451,Cassava
73.01657750295243,37.67803629920217,77.48218534263101,25.409358803141956,58.91230873389418,5.46812498514415,176.21636758313716,Cassava
67.1820744914074,24.723439649657546,55.07975316841819,27.067117639327982,65.84420171821262,6.77745545710343,113.27925861261028,Cassava
76.34096122002049,28.827351206395793,69.85490699169415,31.30254319985056,77.22727111889799,5.113905734591363,88.79860129671978,Cassava
59.076217021291,28.631085799062145,65.63566659348828,31.44709050825412,53.372141338338466,5.903717330268481,86.9375453041995,Cassava
75.7643039359179,39.29160371603305,59.148067275614004,23.040102977281407,73.5588400016802,6.394282700984798,109.65391572544347,Cassava
75.49629895875853,39.51663779565415,62.314153965207815,27.657279113442925,58.92540515341334,6.169012071966629,121.54992487347852,Cassava
52.08764107712207,21.343703930478025,50.108314388364995,23.978546496776644,66.26125953661847,6.203340043527188,145.20004140284232,Cassava
55.52724004182716,28.42459467370992,73.3695371856256,26.762328135171625,79.63319996411367,5.87923446001773,150.94133224649744,Cassava
42.014519959735836,33.066798488376214,74.05705577660024,31.424578385332964,79.91961834919312,5.5643572912984665,140.55180907560037,Cassava
58.0287194212859,31.27634961150342,46.298118287593866,30.561495725959414,77.28706830033762,5.899323326225845,99.26018062030076,Cassava
45.63333710612049,33.67529649555609,52.489273584829405,31.095385699133885,70.1303742453461,6.291370650348481,138.31629622575372,Cassava
41.83105357714902,38.63844871371174,65.1174997319784,31.940619833831104,66.12069214318662,6.420221783812426,67.8693381012711,Cassava
65.26944707293643,35.29299223180715,71.1405717941023,29.701116522302854,56.78847881881003,6.950796955210452,199.32549688749143,Cassava
43.023835006464054,38.728928456235145,51.57796777217477,28.892840817509647,60.143327622083966,6.935508646746243,74.21054016249496,Cassava
59.90987267825504,28.560955838841494,53.0409380911194,28.455339908801484,53.93167230265002,6.433324836267394,197.28289733267022,Cassava
72.1823485787452,37.20033505819091,54.3854697271601,25.248866064812187,65.511450640704,5.091453229524546,192.35013882391456,Cassava
45.75140692064769,38.06026078336185,43.34328888001423,30.2262492767856,54.558875776346454,5.076263228182945,160.7285230363172,Cassava
51.21061200697713,34.28992305568699,62.20341001891279,23.088073902300657,77.96390219903492,5.904628349526956,162.82261889181632,Cassava
60.040822880625,32.087229499224094,52.1109436942677,24.003603040034502,66.27710610224203,5.880437945942004,114.61584988075063,Cassava
66.90268780378491,33.81013264022272,41.836802243650524,25.387444942436723,62.35293650679132,5.193784322328336,93.02612133776037,Cassava
42.065671888910266,39.92484197234042,69.46228811879378,22.874501565027536,50.60748139370276,6.43857560030456,121.48690319557338,Cassava
71.47186836258304,38.46952075636767,63.972015560654896,23.87108422917253,73.46582108139359,6.9116234863487485,141.23238018839385,Cassava
67.27989789122934,26.749493900733462,55.26110778641245,29.346544978530638,77.83313295220458,6.2579767744487045,170.57870718794865,Cassava
46.86540069661492,24.239181805159472,61.2813874733356,23.765541922428405,69.04985210662771,5.583306370789398,170.8145666133649,Cassava
72.32441386457373,29.27574911510706,47.23242540150541,28.467749610819325,79.78361054790759,6.245181795885046,65.0084566999611,Cassava
40.6917590306833,26.407239409846124,47.8313522744162,30.13051207143308,75.34417001108001,5.517237542620952,105.59026877298498,Cassava
49.44987870860459,38.16765094742528,60.105973384891286,28.5613704408202,62.4644626009881,6.262028387009062,114.01975274104305,Cassava
53.58713750916902,32.6896014634696,63.64248312195957,24.935279541679495,54.4804535095842,5.737153387676275,118.1276694798673,Cassava
65.1473733369842,38.29057527273727,41.447391901317005,24.436610125418447,55.81147826838681,6.0045888173875674,120.15811298604237,Cassava
69.16150495280753,24.84831825089728,63.77993462999034,30.838572635999594,77.32033219754913,6.917569209450062,168.2565612911984,Cassava
76.2395162503566,24.690617439705484,47.90323777401908,22.064880837805266,71.20533072287296,6.874934375627489,86.1709483058347,Cassava
65.47774301707516,34.92919518443555,77.10456940592226,28.468602240172217,79.10881198246257,5.689346282025095,108.98999472799707,Cassava
61.720500400573826,27.67003762231814,40.0570291315013,29.317720250869876,72.5515112443545,6.493949209373541,108.30289332546533,Cassava
60.891578932446876,27.19947036353339,40.64145600122583,27.624489412714187,53.71281998252033,5.160082648182881,165.7698696175502,Cassava
40.38024809672422,39.18016887217452,60.610214564503075,31.830164307061484,51.739927174181254,6.167059097731826,108.90578503662758,Cassava
73.73929971257144,27.224454704685726,50.419503162293964,30.575531270999132,61.23959274959783,5.0336666397211225,114.64047411750673,Cassava
66.18089076043768,25.087190776127635,57.27950369700629,22.567151382822257,67.64278374541871,6.512589847720788,117.86375859615544,Cassava
56.8093053120584,21.76564997169833,48.0776345804793,23.546753031279128,64.45063305984614,6.0585110819015,192.8516183797964,Cassava
42.92926017108935,31.997359463100942,61.05994109312965,27.16233097935829,76.1947786214848,5.411076941390973,65.708258407792,Cassava
66.89086030536771,26.903149282719603,40.703596648500984,24.513740072904138,59.279803226504356,6.233676753568484,84.1620111668981,Cassava
56.52217391813592,29.64950888835665,58.369495654563636,31.739407666667816,51.36512713370888,6.901936372904799,141.47120995916467,Cassava
71.82910859879354,28.60785236032151,58.15351525027921,30.793264990158235,76.87803488875707,5.477377762862595,87.89386300184654,Cassava
59.84940695479804,38.00554054255383,52.89420373624705,28.520146153391313,71.24455063221804,6.557349329788312,138.94942410893486,Cassava
56.09820713115879,39.34031977597946,64.4532301321141,29.285652116332706,60.34948537087635,6.33989836200616,96.09167270297763,Cassava
49.80387670114545,34.29444403618852,60.855789450517406,28.832766104223897,58.08315472244275,6.197446682113461,122.15071095843575,Cassava
63.87841147382112,25.817594644884387,68.61803854596495,30.059293661594655,57.79749421573171,5.601241119711284,152.561597760673,Cassava
67.82340697214177,34.081993687949,67.30794019103348,25.928077169525388,61.84561023211035,5.509635247288763,81.95671798549081,Cassava
67.70309517587623,21.863775719446256,77.51169147147127,30.26686303671451,75.72517219871769,6.81333762923038,117.20469590125361,Cassava
73.86802893401604,23.161226005832987,40.86567178432943,29.8489139466385,52.243899439908176,6.977049334651843,154.47150014421783,Cassava
70.13798840968423,24.91607712555732,66.95461575678752,22.432199372549572,75.13477159770802,5.339248186063145,157.63012935672788,Cassava
48.979220049309134,21.369063388520853,59.25974714197577,23.692862102727894,71.88331964979649,5.47513168676697,107.94615787301603,Cassava
62.69757005057892,25.69936555154623,55.11952464839847,30.156217710403865,55.37629548683077,5.164403178963868,105.9700899186227,Cassava
56.97507068055513,30.853185642731354,54.89694784700028,29.899117002228053,51.1795846300542,5.863535076397116,113.51582805189665,Cassava
65.90313963227436,39.32552503794792,60.415016265154485,31.868768469417205,59.067481847395925,5.061736265084922,83.19284344669778,Cassava
55.8049953909827,26.326678183771044,43.88216523933511,26.326601076907167,60.143473149786885,5.245238440914877,101.45639828566725,Cassava
75.45744221421562,26.040977309786804,68.55821692968206,28.120470796577557,62.81543487225115,5.478051273607338,111.66205790843236,Cassava
63.68428853884171,27.0150642949871,48.595857342969275,23.16462748891632,76.39300813728696,5.880625951503811,147.5291650440102,Cassava
59.61641444547221,37.45133036715927,61.87739409792843,26.80781417949113,77.73802971265138,6.439379192090709,75.61698702856003,Cassava
47.10817844787256,35.74245725878884,73.43405284719817,27.451908290902963,66.63365683599918,6.2638659257028895,121.47620839956953,Cassava
67.20796493935616,22.169625151328315,78.45116969469545,29.501548237949216,68.93522612027022,5.632644114018961,82.53376824394209,Cassava
56.37371855315779,33.23153481148117,65.34838973692445,25.826411550655713,68.39859181499389,6.627496591135095,63.67986812726499,Cassava
58.02484191721103,35.171104569335824,61.84577881853509,28.514760879290698,65.50029177816026,6.983749089364622,67.64701510846535,Cassava
59.64179287089509,21.828330982290353,46.391422484542815,25.83038350418262,54.666202745014616,6.9273743319133025,192.55056874152228,Cassava
53.444385848824155,32.79495424075359,61.350132823751444,30.155869805157685,68.82336829450827,5.000504908981124,166.84441398536342,Cassava
69.87392485184472,30.19445411132962,76.11675892932215,31.084462056904016,65.71735030113192,6.215976462393075,199.51309006945414,Cassava
51.9528093924567,26.49234484622955,47.310956106539855,30.95866939157868,72.33465169847798,5.211285697740484,197.4474291677152,Cassava
69.23846832644465,37.01044219209949,41.92603156692804,27.049609189421677,70.95794860181118,6.085893169143683,153.33064519789883,Cassava
72.7149625436189,27.486741259203924,73.94674702474839,23.629161047652907,58.126581650791245,5.086691239854652,111.01975358693517,Cassava
55.196381792964814,36.10541194414502,66.12522681158623,26.367225581556667,69.56341935871245,5.105566701031382,85.23801504257266,Cassava
65.0779142096702,32.82733638450605,70.96538634829709,26.02999759053602,71.67662289848468,6.367960665120378,194.87507297177888,Cassava
48.605209056987164,31.03359127505279,64.07057768441877,31.986478849342205,56.03552426499955,6.0464360399345844,108.46594307990944,Cassava
61.03571874315999,24.64257204206212,41.904495137099524,27.72565453897689,60.07562947582497,5.3638828034968675,105.35097925092472,Cassava
41.9712080579098,39.00884468180207,63.24591659893042,30.147686813470248,62.69354592643191,6.806629335132372,127.66455101731547,Cassava
62.95781288802678,29.835879601253136,69.33113183470607,27.666560776020624,58.14796770741193,5.291079062645292,144.85741444361688,Cassava
59.567198461881446,21.91951393392226,55.82469863173074,27.147764220004536,74.8067970147677,5.152202111666725,108.78934875444041,Cassava
72.90624490841542,32.96847863543157,51.598332872151474,30.453351220226423,64.79880741688078,5.996703782620921,196.72222748805382,Cassava
77.88466012945514,27.170653667396877,45.62316514652329,25.25666732278094,50.91449780934164,5.041535773420782,115.3730990751987,Cassava
77.64079290788936,37.427146824644154,60.45771335670492,27.65226381170831,50.178004902381694,5.431002311667531,63.468377770813724,Cassava
70.1815813078155,22.912915920529954,74.76188409907267,28.43324313675788,56.8825602954714,5.3154406341664995,147.86745812922743,Cassava
76.03347921129294,34.36720437828763,53.941866064135105,27.87383595268647,59.32285086117264,6.9982991335573175,164.83748638465914,Cassava
64.57526559027015,28.465182855316584,64.7260916103823,25.41616062467335,50.86594518374092,5.790177044713266,190.26731474118137,Cassava
65.05204379095463,21.679114061418034,75.39974453580103,24.688748493415147,57.313084792481824,5.594181937560641,140.80831305763405,Cassava
61.787523737359066,29.828275092457634,68.70147454050507,25.16537731334959,73.46193564717294,5.350643356757198,169.5669104707813,Cassava
66.55240421001132,33.66416619095173,59.2621358850904,28.670015326808645,52.39391139678372,6.7031022340987345,67.77661268827045,Cassava
45.9496603948599,31.535794169944726,69.57645821826766,22.762515643462535,77.6229444236696,6.947215297601398,144.83302422107954,Cassava
59.249738215073464,34.827899445594994,53.134294093088215,26.932644341051066,77.48453080443204,6.911310850483067,189.78967624716591,Cassava
50.49792267855361,24.649380804335266,51.90658023717257,26.4131111238846,59.42502238375891,5.7484255914781155,146.88917329690634,Cassava
70.50102708375903,34.71116396535834,72.57694268316608,22.321844032154022,51.43201369036268,6.578765921377259,134.63103512544848,Cassava
63.125626950484815,21.05173720428754,50.21255204685083,28.383543048854776,75.77545670332029,6.833966794362805,130.05872941691143,Cassava
61.8189693095279,36.66099262137982,61.50498402989419,27.168585255373173,77.15252113282861,6.57986544211176,187.27015369058125,Cassava
48.72988219124615,30.487509733107135,73.69888514373432,23.11147827467109,73.83986462881886,5.3659467668297385,173.13662569794496,Cassava
64.48003750227473,23.864719829697343,58.93416717331205,28.819051664607716,69.01558702650627,5.854494392463408,185.91131404892977,Cassava
60.770536579513774,30.117345970573766,42.49002359765817,31.221203897976373,55.31349706035119,6.056689386873108,172.49946419604342,Cassava
48.61813107822573,30.54746579941682,49.62739636893363,29.596949977999117,66.93023503619452,6.711951720790287,185.2381204028336,Cassava
65.94933929781592,34.50782492317889,61.968803995474545,25.84428733067383,69.44353769062504,6.816577246974658,118.33525326040132,Cassava
52.576401054951816,27.76873877105148,57.41590520846398,22.735610289777163,64.95325521304983,5.9886284961001195,142.38213586967325,Cassava
54.512801218853255,32.262151919111794,75.12865241096813,31.554709904951643,67.50836648423149,5.085181907940626,195.69303961739524,Cassava
68.23448243585025,26.719272971073043,45.88630803854893,23.43418612236275,55.03233218418808,5.091145043227641,186.3015864114076,Cassava
